X1,X2,X3,X4,X5,X6,X7,X8,X9,X10,Y
0.8400508094191503,-0.5233485313205137,0.5381025135572688,0.4843807880855575,-0.6054067000597592,0.758028770675055,0.028833143792083238,-0.9965041005632878,0.5943826218659101,-0.9208520262956348,-8.130835041909442
-0.09842899718204379,-0.933456688243012,0.7802418445894905,0.5886913797737219,-0.8885311238266116,-0.5061549545813788,0.4100486175204907,-0.41687963236742376,-0.6452924893144389,-0.9773916597719265,-23.437327593031334
0.748706055358197,-0.5212963868914813,0.30550843578836884,0.10532680591555943,0.20962130115809918,0.6316023092690792,-0.7405242547621176,-0.6138862185856626,-0.053848364169206464,-0.17607290162964717,6.226628150815354
0.6912536025004321,0.3603327519361512,-0.4074244313505224,0.590989512508105,-0.36295587674208396,-0.4509016856161743,-0.951788161125191,-0.5635561304364187,0.8960850732846188,0.013054047901146282,-10.162515551537542
-0.5322792942972308,0.7341842700404626,0.9378630333961135,0.7895058487182998,-0.8666980363823009,0.12085413224014263,-0.9473527858502706,-0.13230079035642683,0.7026715745413437,-0.25995454466904633,-6.980405087751855
0.39918831433313295,-0.3230310285551734,0.7875173999525729,0.16048348023647208,-0.4117940188580127,-0.8325585874667671,-0.9271290305193027,0.5760683516478964,0.5675480787607208,-0.2739902709817077,9.071441264308486
0.4377301600957251,-0.9937044924504841,0.18890257685212752,-0.6499358828113508,0.4550693014003495,-0.6062130481161214,-0.9320558908063077,-0.9609661467790611,-0.32759442444193887,0.18395726928772627,-48.36873033630518
-0.40978616878595187,-0.5370081389054646,-0.2292567354981252,-0.44885129543545377,-0.02482674963253828,-0.9960732098933227,-0.1808737059168215,0.8650582762837631,-0.943411173385726,0.2526580666215019,-12.402595558487214
0.9548860246386397,-0.7198718080714603,0.3439352123467585,-0.999367685588981,0.3031941191144174,-0.06416681412499403,0.10285334919012823,-0.6390192345764805,0.16739175771419146,-0.6998678241236642,-9.404243114097033
0.9078256016440887,0.6505178066267308,-0.9241177767949154,-0.5223429010207399,-0.5073403472762683,0.2715534886682194,-0.6248077836910677,-0.21647755780217093,0.24946574323570858,0.651457089913299,-4.43831150316608
0.7720821335789614,-0.6642391624145205,0.4887640610940225,0.2770123118068548,-0.20833483645872297,0.8107976592235766,0.7823851083257827,0.677685979319858,0.07220878333994474,-0.07828296136921953,25.198103162171684
0.5254638090050598,-0.991461906350189,0.2834080703804567,-0.3616620627011067,-0.6750713567446287,0.42994434300971784,-0.08858663920609589,-0.8394947644303625,-0.04439523468182305,0.2285468701156106,21.326775763819274
-0.8179990208016432,-0.4535493652527085,0.314699479750697,0.3763931585512812,-0.070783659598461,-0.25763530481122565,0.942570315026261,-0.28621722272535766,0.26317526984055273,-0.027662552137858842,-23.529181964582
0.8923647658045324,-0.22651391023186163,-0.118066600469525,-0.015653861894621368,-0.13205914151331766,-0.5136747891674309,-0.9923708400099274,-0.7267086892336159,0.01220687519179564,-0.7563857992988321,-26.057893802121534
0.3798731991709219,0.9087956246203905,-0.9318596117243281,-0.975603232884301,-0.22251656341279769,0.2839343898181972,0.4908264991716411,0.24791182991131788,-0.9046948123130854,-0.49438468708920413,-18.098509202197025
0.12425569686524374,-0.6035662722007644,0.2843096772165612,-0.785452937224765,0.40068238224281183,0.20838257992745768,-0.31246894108033185,0.9355790665585342,0.09307949293589668,-0.39301234792209505,-9.12151850583447
0.925087242190485,-0.14891711588985812,-0.32018617125658433,-0.7440526883621215,-0.3415395742389149,0.35970983101960363,0.0052928266636471655,0.5472532890730835,0.3067410774048005,-0.13642075782237306,12.195834295886458
-0.1848039862972226,0.44846919714276345,0.735378292150074,0.7919668904144781,0.2590245064130785,-0.9313666316026639,0.49836635456358347,0.11674881995188002,-0.9158749865664224,-0.6561276741650675,-1.697232466037884
-0.5215002680537222,-0.26625623151678446,0.5117282771688301,-0.5784973253303789,0.5536535889158487,-0.5996690583372986,-0.5690189665195386,-0.7387863996917283,0.18310574027044835,0.4591471315973399,11.125707543353597
0.07583843797368806,0.8491199923617865,0.725183198438704,-0.5792317961624154,-0.7697961133549107,-0.34923488976645034,-0.9107632932330121,-0.31838189204294043,0.3766345819345749,0.5511183526873695,-0.2235390648348042
-0.1522865409260168,0.7022113421687126,0.8739075429603897,0.802796210129421,0.2812416483838649,0.5477294478643322,-0.16625454988527633,-0.7853038305223532,-0.2314548329670041,-0.601809621447535,7.500840248796496
0.13821470690477589,-0.28782807743076466,0.9101035666318724,0.016229035955799942,0.3546002063229561,0.7975142427404083,0.26025791320486014,-0.5824109118944125,-0.7760016266077683,-0.789992999162255,-4.036500531277662
0.6274253061693862,-0.7440248438377806,0.7261263826942004,0.5726556540857044,-0.7864138029463745,-0.10038280277975664,-0.5491083298783626,-0.48828582979100443,-0.45277703606438524,0.90908190127305,-15.930685381039176
-0.2828002175320339,-0.3901559571719466,0.292244954946729,0.4550996653695325,-0.5270936403377835,0.32985393472286617,-0.8655043285554651,0.970630552961177,-0.25729560467452006,-0.5534398449310822,-5.960135300859288
-0.8298698155417907,-0.552371100216791,0.7595174190056342,-0.9518083570862401,-0.3580605626221025,-0.13081107729558572,-0.318228183161239,-0.8779741137074504,0.3854420974233792,0.9108909671820771,-11.122639637384069
0.5652310303328971,0.8004099368829145,-0.2682130647073315,-0.32386556223950236,0.5793110091239619,0.0963476726400978,0.20604609979774957,-0.7395427916216677,-0.6500735382476968,-0.6245759178851535,-5.573907269521944
0.0530634856933927,0.3384564561880752,0.061791027353983674,-0.891011333328428,-0.9267847686766035,0.5877548749134662,0.24063217299342443,-0.6079821176537865,0.8436944060472749,0.15114857686512284,10.964034954131275
0.5189667047597344,0.7931090864489645,0.6308023321074561,0.14552208431957125,0.5734280543252315,-0.697384725245247,-0.12850518162389424,-0.8852580043432845,-0.6109230557475813,0.3915102377882602,2.1149670703781176
-0.17401505073471646,0.48901052864252015,-0.2567267605117929,0.43388945573666393,-0.5287533820756329,0.7082104550521184,-0.14557250365453323,0.020248676419923894,0.08840558484234973,-0.40177033290892417,-16.501971928152688
0.9693599569889606,0.9491366503424867,-0.7094390208849941,0.33778086515857275,0.13893785970870876,-0.3850908908002617,-0.7135604993766367,-0.05363809383213325,0.7577524027171878,-0.2558522997564545,1.9522780882232293
-0.21926027848168772,-0.9683811762996235,-0.3784800900676166,0.6694167152936203,0.39559008990331823,0.018736629111155034,-0.4522114499051366,-0.20315886701071584,-0.4277812835787329,-0.9615515603621196,9.045545978356554
-0.9211408014517817,-0.07119875592984526,-0.2660871278087582,0.7238198382309662,-0.26248427302959465,-0.18151200872219064,0.38967601686355025,-0.5377518217713988,0.5252437090759765,-0.020265263221510565,11.762327109475017
0.6033903340513662,-0.9477685528921767,-0.92738235106813,-0.6632277727977502,-0.8968697796285727,0.9450571721357672,-0.6651406848016779,0.1270864614396814,0.36463459748511595,0.29675862207543924,-13.909045677716065
-0.729232982666647,0.01045988301506351,0.5364337686444804,0.1221491545826825,0.09892213818321172,-0.6093226323905587,0.1354783986723409,0.9240522454338738,0.5522834302105328,-0.4723426186460149,-12.982377377935899
-0.08398256988828035,-0.5810256156095144,-0.8999904955592748,-0.3995687892634663,-0.8066038214874882,-0.8080347609009833,-0.28072067311826787,0.9437930863826962,-0.5495249567296561,-0.7090539318456464,-60.68433375856388
0.7842457670697591,-0.4948115880612127,0.583784320054002,0.939966236483172,-0.16088705798061143,0.7354367691908799,-0.6514388534255509,0.23870494155512834,0.5429837946828087,-0.7832731801959532,15.128735077618021
-0.4268015234259621,-0.3038678982928682,0.6173946649797262,-0.21266397000939596,-0.7747877137852286,-0.15022700200317884,0.18283834087571482,0.8797569126765203,0.5596722491230037,0.37582563451771844,2.5437750849331526
-0.22176146849227285,0.8449055787965298,-0.6007092425957612,0.1260815983993182,-0.09249874605020292,0.7185111013549363,-0.9887990787763827,-0.1900184321352849,-0.605602770365469,-0.37588994588643154,0.44854252042951437
-0.527156390038557,0.5350021807428595,-0.5335794829438858,-0.9174006683824485,-0.6768141984670906,-0.28159365045797236,0.767185443289943,0.17078600166242008,-0.6943429745218659,0.1801835250062378,-11.108776867965277
-0.27030309542263464,-0.27972799483207655,-0.005098151556467423,-0.048755770359810935,0.6164469376470998,-0.8807003879605233,0.7754966870847813,-0.8717289085733728,0.9361171123438632,-0.9387794198645245,-0.028881824915148457
-0.7430809193774519,0.21721757487085447,-0.31562246094408164,-0.4600473092046411,0.8437336593547513,-0.43808050890852956,0.00437283331255145,-0.6898395428687811,-0.8855494673687743,0.7815057134231973,-0.06226814561516836
0.15850639425164958,0.36765705291214923,-0.1789364778613276,0.33386323466701273,0.5662653730798792,-0.47769543938627157,-0.16624949834507774,-0.9506575070533969,-0.4032106503226429,0.9905028953092643,-12.458001062231606
0.6363739917789974,-0.3630930119768907,0.6536766916530952,-0.5515668248939358,-0.20088581343355405,-0.4142313121128396,0.9366032783867837,-0.08054120999158876,-0.25296107031055226,-0.5216415100083027,0.7731038556282361
0.9718635524809145,0.7006549623716685,0.11709699957792341,0.0019479293516393437,-0.6772768840090282,0.5826834158797476,0.9878094441273766,0.6281174468089163,0.42617137235889113,-0.2654330612054474,34.687165303317215
0.20671160989911175,0.6854429015095675,-0.3806930108957247,-0.8909994057036388,-0.9180101564498189,-0.8812273398775046,0.3472966186880675,-0.5965099747324263,-0.3776507917792853,-0.9935413098956583,-55.99078418620049
-0.6894165774684697,0.9936130834868131,0.1890042887761345,0.6118787938696668,0.31683270155492416,0.07232854730590055,0.06504019641179637,-0.2582615176440155,-0.2593013909644468,-0.39797382657320335,13.356297966736193
-0.0666788414680819,0.02558681122093498,-0.9359513581416974,0.003483611074785342,0.7471556035158187,-0.6291784834300376,0.7728252000289306,0.9968400311210208,-0.5846246483138611,-0.5108696561587698,4.854557384209934
-0.8124972332643665,0.3675291835262333,0.1661987099152762,-0.13653423785112917,0.9592602582954308,0.5330946819869375,0.6975157377581762,0.148711739197819,0.9126241360034979,-0.9404914842446188,14.358311336557083
0.9932453941994865,0.7376080036310455,-0.32776284699534,0.18548783394059454,-0.9835026058143201,-0.09219942933253411,-0.31812149901973186,0.59173478419558,0.8961884309145245,-0.5499978624788842,14.565574253235146
-0.25388635201827214,-0.6619198069921204,0.6228041662223087,0.866807401875008,-0.6118997394513548,-0.38594270227650185,-0.09473419354392787,-0.6453832047817749,0.9981586676212921,0.4278129037988099,-19.81964205986728
-0.04490102041489341,-0.17129604176958058,0.4122297399885293,-0.52210944773966,-0.5681189298911975,0.6207914297631072,-0.3354136549014213,0.4187120834015201,-0.04072733321329558,0.4603824285636535,-2.004344127210273
-0.8744688401658633,0.7239579478056237,0.34430470390486523,-0.9319994114167323,0.8408316757503562,0.6369600511893758,0.590251498649226,0.03732504347361276,0.9019450985637438,-0.42716436861344853,13.289012756842235
-0.20186355347989116,0.531178528783385,-0.10186771952890172,0.6088409651232571,0.023866050047438137,-0.16992271746340215,0.05989313551955422,-0.25428473154992437,0.7084994721421543,0.7121134705029921,9.216879357014147
0.9030264020812362,-0.03308106970529989,-0.47906953422255527,-0.9123133157484775,0.15120748754429436,0.3734973650701352,0.7881192552576517,0.08211165341742332,0.34795404860531143,0.8151116951017903,10.654188425057368
-0.1197480085353646,0.7738689861237649,-0.5578924727753518,0.9290090683702121,-0.8419700796267591,-0.46321107092641434,-0.4878247926976349,-0.9318578435441021,0.29837505921758023,-0.21505880781188624,12.04633278111368
0.6837509184312514,0.8827732276710532,-0.5040815758052044,-0.4734424238435695,-0.7056982286342843,0.6329398786733667,0.8828309373856207,-0.6169093483474171,-0.4987414120913738,-0.38870339807682575,11.692924111073898
0.5314463778307614,0.6712673924312602,-0.18945468840055102,0.9018881864902542,-0.6426458174530321,0.8125904360801601,0.9649732583836728,-0.6802720525248698,-0.7493765558837777,0.21864047960906685,16.459210894569978
0.9264148519358044,0.8586152423285627,0.5526416219546868,0.3819717417447541,-0.30729734448078605,-0.651757443804486,-0.27268844937716086,0.8891821861923603,-0.9480152823398129,0.24046263564430315,7.076512044676177
0.20336036577555427,-0.13458743058116762,-0.5814450056087981,0.6206180923240281,0.9814589720773856,-0.07656776524444364,0.705384516365577,-0.5614881485114944,-0.37997408823579404,0.18422749691378426,27.256050892442797
-0.30208536714116296,-0.8865611941254519,0.9641974262767588,0.5651112633996933,-0.7186932289410597,0.6515941166173391,0.6603308889334858,-0.05870649212497292,-0.6743954928681832,-0.8509072144174765,1.8163327703410392
-0.2945933325493595,0.8617311668437988,-0.28270158670004086,0.6328080461149903,-0.020870746973354892,0.052731517434276176,0.8996186258073129,-0.09566463664947289,0.36091098924336107,0.9320588730222226,20.921165021688196
0.7067337900451189,-0.7132592945116505,-0.9086294348736765,0.32690962996167494,-0.019456285467919,-0.45321324084799475,-0.5656195347795312,0.5593666410009337,-0.8101513103278235,0.02395067645993665,-28.85871738618261
0.2866148502466699,-0.15960178229795519,0.324296991743779,0.8103809733479077,-0.20627992280809138,-0.15680254670061644,0.2796920572694015,-0.018449073155222262,0.20292930562265443,0.7393180463860596,-5.995527133196818
0.7694287217121774,0.6468308935560396,-0.6556898705303809,-0.41362464955939826,-0.8584429712901123,-0.6921111506376487,0.5039656331770073,-0.9996037099290835,0.763166538972599,-0.8733183158970028,-23.118754829630042
0.6208610989826078,-0.955519980832791,-0.0883543756174856,0.3209229411618326,-0.5188440028233225,-0.04715288910717885,0.6411976762719462,-0.31049577163182307,0.7163413217521912,0.10395822416549394,-10.752492096546911
-0.17301567679812857,-0.6717122873673844,0.8603855184371336,-0.662284801617298,-0.2647010931917093,0.6700795628150129,-0.9268360241263693,0.19571443690634327,0.45612054931287505,0.5510239557881271,10.46779261899872
-0.8088943150836614,0.5138701821907696,-0.2078673609631836,0.2177814983893167,0.9394010538184816,-0.07719862028424296,-0.14793430089135962,-0.7648791561810315,0.7084069511080506,-0.5703448070835733,8.863786332686914
0.6233495936658564,0.722488618162493,0.6759921062234635,0.29384890960542176,0.9104715046275353,0.5966510620853844,-0.20556294114881046,0.7960456472452855,0.5714907604047437,0.4479804657983826,162.55141337218046
0.7698720728810466,-0.36054904156077927,0.928357606300855,-0.9855430893396036,-0.08360214402459643,-0.6259592423461562,0.09570206065035425,-0.988184976923602,-0.21715079657875025,-0.48302550259810206,-13.440930814858595
-0.06676186267359996,0.43788416308814493,0.22141352045352036,-0.1071601738229484,-0.45554854471625417,-0.36853927996813374,0.30202967379598955,-0.5973031651273473,0.41384991587155384,0.9873120298376785,4.3213488060617165
0.39960159784671,-0.1268795133013656,-0.8202189021678385,0.3612702174464253,0.8313970581548036,-0.9287115775091099,-0.33542608303033994,0.010182958208993398,-0.2531482133950531,-0.25324906312765316,-10.799039734768016
0.6488388590174339,-0.7733210590868766,0.07303667565774918,-0.27239456193922074,0.32807892142395234,0.09609693413726017,-0.5996694867735359,-0.7599897480284108,0.8727269201499568,-0.05453524722957925,-4.253302289286282
0.7198431999599324,-0.8144452612065876,-0.36887949428461675,-0.823073902816251,0.9132451961887285,0.6081162630456056,0.7113148334143924,-0.6140916900047844,0.9067633437760008,0.760284206000247,1.7157977105837547
-0.3013728570597911,-0.6910404848377185,-0.7526617865065208,0.978639355322527,0.3874939200160905,-0.11798563412553498,-0.6392753738148667,-0.2697328812899271,0.7361061051550639,-0.7139197366382684,4.669469497339988
-0.4103277527821825,0.8638938765823578,0.9073760070914973,0.5250462616547018,-0.4540960040509283,-0.3067617124209838,-0.22174726804861855,-0.9069395627765837,0.7201492708715287,0.3397905695137653,6.077443470783365
0.7394744148585901,0.12240475498748826,0.476063654308448,0.09285976470623658,-0.8006545546009591,-0.9688193064376804,0.34440949414100275,0.2904102463295768,-0.19024634675580154,0.1445426315207654,9.601007719863787
-0.5655969279113822,-0.015608463531226802,-0.46009607804179353,0.21215659960059163,0.6041001571453006,-0.2751757727463726,0.11291781466321416,0.3115159629585904,0.49638606772358607,0.23951144892056786,1.5049519478275246
-0.26502703777047176,-0.14720335242020655,-0.8615148986306238,-0.1780234901833777,0.11037714382421826,0.6477349141775408,0.6344246877386859,-0.9639838848879239,0.1864297155955379,-0.7360454238688039,0.4538498690567021
0.2101629147498174,-0.6988986390564333,-0.0030777580677885386,-0.22490889094819821,-0.8256430347566084,-0.4065352691354127,-0.3496846446754205,0.3995351863979273,0.7485087360889111,0.2664436616878554,-4.2354872867979765
0.11645794337046111,0.5290141216811373,0.18013361355016055,0.8133133974995854,-0.6112480272256018,0.5376108495763814,0.717939666381826,0.23921191396614083,0.22482093984923912,0.08253951633088463,12.066249884221493
-0.03365545611962051,-0.7189482920024084,-0.5764711412973471,0.1520741157333234,0.30857081459577684,-0.2963333758589597,-0.0029907826797606063,-0.7355552537087355,-0.9734236959230746,-0.8907123515102888,-76.56251789124398
0.8756998637849196,0.9214391690408199,-0.47356104375821073,-0.01914303787248528,-0.49801406946655846,-0.0009944157157881772,-0.22341604804018322,-0.4674053539218139,-0.8711874271893498,-0.7051169799346102,-1.4633134117397975
0.6475222066706479,0.9456813300594082,0.850422304393311,-0.9785261455656742,-0.8679180798190325,-0.3515202451254109,0.9381590696457345,0.9288901235895626,0.6413887525992208,0.9795159534638116,49.79993739490837
0.8663199821354739,-0.43426758805235766,-0.2155940291149705,0.06324685041759048,-0.9783314058264079,-0.8157442532327503,0.19220250913363413,-0.9796809624701439,0.9036546396172902,-0.07826949879256428,2.6258288410450272
-0.005801738384706878,-0.4770044779109346,-0.9492368617458062,0.4504131945714527,0.6772200808132054,0.6558047414890615,0.5841199491303486,0.26779801146400595,0.9198662239874593,-0.8802686519894398,4.9223167071680844
-0.882451445010354,-0.7103021886713512,-0.9919098388043261,-0.5199778289169941,0.714219716107724,0.06979603568512349,0.17968776237372053,0.6436604065294875,0.15295257817978536,0.7940805601068761,-26.621217176085192
0.27156285702967153,0.9140048329016135,-0.05833234163262868,-0.8447219123090619,-0.4457226501691536,0.35688196936784555,0.5006863361549605,-0.5641441636363205,0.1245687831966813,-0.5574547909647283,28.735439365750725
0.04330277629231705,-0.651311936081991,-0.18419937277901766,0.06965757563758657,0.9320035792981989,-0.16940356694981906,-0.9011839094950327,-0.8889724180352971,0.750610288279963,-0.7722221463480687,-7.096495654353092
-0.903956906981946,-0.4660795846398762,-0.1876237758609285,-0.3640335329414619,-0.9359439546378934,-0.8023846933562262,0.7410853857094053,-0.9034121423686565,0.5597721832787677,0.16042254009779167,-33.062234431389456
0.41529650819708963,0.0703363786944804,-0.747521966936618,-0.8494183888059916,0.030156031623240542,0.5726260272295876,0.42261098250090523,-0.4983669626313616,-0.6056903466585637,0.7433148633386866,-6.428114686747772
-0.5230006563529221,0.027842108680147026,-0.5733725938613083,0.2099158595693955,-0.8920974040201439,0.6677002170892894,0.7546468091742473,-0.825226212379272,0.14727233770227977,0.6524660703907683,4.727055284134672
0.628674763522489,0.5283585509993223,0.9158562239446004,0.44658023291609883,-0.2967688674919906,-0.9937147595044236,0.3138843817526735,0.9216015222904388,0.4129341525072503,-0.21878945224732904,27.018496724689385
0.978926202259158,-0.7430852519705824,-0.9779843138034947,0.45828634753829256,0.4997000867837642,0.17839747424321395,0.6304599624636251,-0.6018150801389532,-0.4874234470261751,0.9448801853956339,17.907388146740956
-0.9079026483180437,-0.39313891992929273,-0.8086845261802793,-0.8295572986932569,-0.8429132260927938,-0.9509072955507507,0.015018627277108676,0.46467075168581395,-0.5710427483026841,-0.22508218607519792,-123.84045602222973
-0.22254114340605935,0.370106091505747,0.3572187671853797,0.13279912472811306,-0.6032687161388812,0.9422036735911672,-0.23195249154544717,0.7880117786971947,-0.4387680399393241,0.23559102517203234,-6.446527251149913
-0.9004802804428322,0.7909692543290652,0.5697503456764257,0.6109932107523537,-0.8514596380113233,-0.7811345393679419,0.8723394962006121,0.3733115761640424,-0.0581948563712027,0.7575270287268678,-4.030341766977452
0.6381688633679841,0.9885623947731936,-0.08352492741692119,-0.7144410736750817,0.04975053587416478,-0.2243493388401152,0.07154223743383348,-0.7746845764055028,-0.6280454989843651,-0.8345396371271769,-13.510809213747928
0.9556557336365132,0.9304527986289481,-0.0008109024350264615,0.0186219911567318,-0.6483108420492589,-0.0980019086255306,0.11053290463295684,0.7999838200729925,-0.7772007896872217,0.1554348846946243,7.239483005644727
0.11567514701298065,-0.10081567265700708,-0.5834705581928785,-0.41537356471779696,0.4101750532734807,-0.2533722113268342,-0.57756323110265,0.5940893992720064,-0.5088265074604947,-0.7848037529979868,-24.677197555298065
-0.9760904231085104,-0.5433941236719457,0.8629901931822956,-0.13838477063049592,-0.25133402994316567,0.9184410412687709,-0.08823534857406701,-0.6441317962965378,0.8776257085638342,0.6916221872100274,3.639171369471219
-0.7357912878528561,-0.32680317924901336,0.9802933732340176,-0.7679097011420655,-0.3075402769224944,-0.0004456030118391574,0.04827916379631203,-0.1632105837961364,-0.528479885996519,-0.9206941764798333,-24.811629909194256
-0.5019326569382887,0.6960551204754524,0.9420645728628694,0.9819117311647085,-0.2551132242295424,0.24495076369861946,-0.5722299947157363,-0.6254950706964075,-0.06352854033435551,0.17577608311937354,0.9262331724433379
0.5237790479663096,0.8794869821052997,-0.9362927112162289,-0.8609121952417873,-0.4271188909622423,0.2565462400406009,0.6902436489626571,0.5143008889431397,0.8033547247449606,-0.7967489969637618,4.414092530133328
-0.5837527173846435,0.2517675881809438,-0.9395171504692574,-0.31719650090123097,-0.5372585864926029,0.8684235406279013,-0.24552418444018942,0.8576478326916857,0.2217214333274211,-0.47374628375911065,6.6168941187624775
0.6854524420744423,0.8009187495078949,0.481772970068848,0.584755726508227,0.11877879907691402,0.16088597539774319,-0.4430034838945116,0.5526599389803979,0.539772337437753,0.19655871525482915,32.253252475409774
-0.7748163233647289,0.6281975121804282,0.7286875466678082,-0.7575770747008386,-0.099276628110049,-0.21787463225200376,0.8383788880010461,0.49756486456690685,-0.09571349811928909,-0.5515736573233065,-3.1084975398278885
-0.7521191519486272,-0.7093061833102863,-0.47776036701915015,0.7816535653193872,-0.17160256270785923,0.3237879110850965,-0.5307875334463401,0.028204670663585674,-0.7160655209596012,-0.9501517951643614,-35.478532818283334
0.03750790695785544,0.6098976619588441,-0.4370453360700981,0.3669020560348155,0.8121742917819597,0.22853627044067992,0.9616674623770962,0.13871372870017362,-0.35781026161597707,-0.7165894228392122,7.911959233876885
-0.6950375704148457,0.6845264700708302,0.18142750394150964,0.4265829098568714,-0.6387860459323365,-0.8903283477815138,0.30712596979181495,-0.19799671211980652,-0.568049561282006,0.3086352835493211,-11.403787070999542
0.440652287352556,-0.6840055090601773,-0.6167797219610731,-0.09479343849713895,0.7414073315235241,-0.010747384988485598,0.9054484809062942,-0.8824275112311375,0.12154287049596779,0.07063500225360198,-3.619692058830286
-0.08315747268870899,-0.6616367001983527,-0.6778624222636604,0.2107881762096242,0.6952171978048545,0.7817867409920334,-0.48553385247323644,-0.14440055048722056,-0.15726478045556047,-0.021008632259126525,-3.7111964952205296
-0.7205161126076094,0.008302393357319415,0.926228693662571,-0.2678005029816348,-0.692764823734251,-0.7582733900576848,-0.7635306012595433,-0.45327751807410555,0.5966909387506365,0.4392595978578031,-5.744860748739953
0.8675819409521193,-0.5925227784731906,0.779304084096041,-0.09052733721605,0.5993529941086502,-0.9655969393564552,-0.7294700377431933,0.7312796066005216,-0.7082554969114196,0.3364114544825838,-13.38994283242225
-0.825387248590427,-0.9429138627770111,0.692271971234657,0.5349456246932174,0.039982536407830116,0.49778020018814306,-0.025728140813896738,-0.4414046657709576,-0.8191371228070827,0.9594275160981038,8.152326884805403
-0.966959719540913,0.8514827554033395,-0.5924120411779561,0.17122180269424936,-0.45125567812680334,-0.8250094775310823,0.8932172166057852,0.055624638254657466,-0.07273238711088537,0.7071591201909257,0.2345934314743695
-0.795564532627806,0.40347257959878746,-0.12588822227809948,-0.2826289856048134,-0.36816393220770616,-0.5765797960503294,-0.5432771015212248,-0.21920892725993735,0.23704633762751226,0.6908644506515245,-8.73481786665799
0.25451884907082545,-0.4062567018902896,0.2022533773159343,0.7179483652744623,-0.40103527708845155,-0.5713063205916729,0.030742221121403457,-0.7630355200447636,0.9628872648254456,-0.6808362075054559,-6.80414415042493
-0.4061783573784694,-0.8725194987566387,0.8156148782466832,-0.998728454307457,-0.28162780843654134,0.09260766849431912,-0.4876801686667147,-0.8866137372671588,-0.7209670749838919,-0.6034680770211922,-84.2602340080809
-0.07333514805903807,-0.23791929903750297,-0.6915297799258471,-0.45537645209142874,0.9827193976545077,0.6738615798006471,0.29419530226580726,-0.10174347357393354,0.47265018936404024,0.15609640569515437,-6.538632780312796
0.7259043528687028,-0.8648263303227615,-0.8039821040828836,0.9967703533063585,0.2673652298834641,0.7746544978030829,0.17071929435598987,-0.4298474426785168,0.014803690208734732,-0.7133626842693515,3.7030559895010815
0.7712250993048451,0.8390201161614326,-0.7772101389040862,0.3373206768770509,0.28175335388989065,0.5925775558321256,0.42117333825639136,-0.7707357522957226,0.2503150065492199,0.7023066912686939,6.928091114872748
0.7051592853998097,-0.6207814403515213,-0.985921492662714,0.8320564243080009,-0.2625527506273464,0.11462765653241891,-0.2878506877260727,-0.9089253325385493,-0.17490361700531842,-0.8066589559681809,-13.746732164697345
-0.7446551930230263,-0.8273748270599808,0.3483426828192675,-0.436085234610154,0.8405198561538785,-0.7895694508249382,0.09325884873340207,-0.9115129069476546,0.931053946650183,0.2190361481044707,10.985047469640516
0.6926201930334768,-0.0061303729839246035,-0.8604029029587192,-0.21151117124881003,-0.03201767545064693,0.8040465217349451,0.8463779749890725,-0.9306797256557438,-0.7370252912212794,0.003484896519864833,-14.603208776763925
0.31271469583561684,-0.7173526149979026,-0.1429192325421087,-0.178557271363609,-0.494114155532033,-0.5470057915178568,-0.625472434295816,-0.2103963763826353,-0.027783543927299315,-0.8861172756345037,-41.01395627666804
-0.9032077481308063,-0.012928398162365573,0.5036971366648528,-0.6373675821538256,0.347031552709439,-0.9014756053997122,-0.9345266673510644,0.38895434502917636,0.24212842273272872,0.812878019669032,0.4578591831685299
-0.5489145296799005,-0.5151494789424329,0.2643153362746622,0.7091480765772868,0.11165995541996288,0.38887644471320426,0.5265115903504034,-0.961533051160157,-0.5359635910266178,0.3676307093201894,-11.163806669415397
0.40247271827701403,-0.6594584997436697,0.17283200257700937,-0.20124487769952837,0.32490551035167403,0.3686536654441941,0.02273798674387284,-0.3803371511250153,-0.7581257499681568,0.1852540194344896,15.64986314593818
-0.5318469731047257,-0.7229158355585097,-0.5791916936409409,0.6096950364415372,-0.8335722092027362,0.952033610256497,-0.3970992682855379,-0.39209522535716723,0.35120628165897205,-0.2826499561972555,-8.487519604798775
-0.08163151315147688,0.4641913213824087,0.4884341554765441,-0.38246003558647335,-0.970996431925004,-0.20325352772794325,0.6030113329739832,-0.3787093383467006,0.7381564900041484,-0.02274653969204188,10.283978500191814
-0.7257188635699212,-0.559308461739251,-0.11410443830721384,-0.1256930022132572,-0.7390667708792245,0.6505505162235283,-0.23593167994489406,-0.10367764463650753,-0.5597051899180499,-0.5260134554182687,-36.643475173873846
0.4922969002479478,-0.6674935392419581,-0.8500080270411408,-0.7925313876073696,-0.6165950139066017,-0.7456522350291142,0.24065150535343127,0.049550041340315376,0.8173167039800582,0.3165677283822097,10.059674953179444
-0.5827963809263683,0.8800876449717923,-0.8148190912573741,0.5190860650742384,0.5410739642191247,0.22296073669135974,-0.7688098030158343,0.8406341478297381,-0.9341624196942488,-0.7418923022165229,-5.380504084931859
-0.3729744526499874,-0.2029894632323379,-0.011601412289684143,-0.6675236144620356,0.01720029973078785,0.5302825944811016,-0.3565661645676519,-0.30949720646788803,0.8555584994035295,0.9352946917245055,7.546318013563953
-0.4440279379285499,0.7204817568511406,-0.9922176166415178,-0.6786484361490803,0.3065078947412525,-0.9746317097357982,-0.5519655207001051,0.2204130960824069,-0.6643416034581378,-0.6030544794079771,-30.341801923000947
0.436362334399204,-0.3273993670862556,0.22697563620034678,0.3115374775263273,-0.09506109422213771,0.3412461198541681,0.13600518589716604,-0.7885605926896904,-0.757532344658894,0.9892656756426963,-0.06561282173987071
-0.5468228049453403,-0.488558092802841,0.0027045794061064665,0.9811724515577982,-0.27535090792122174,0.6069130931595794,0.9981283331446291,-0.42059660742775007,0.603476300724249,-0.8126543830839212,7.443155253639736
0.20375824955462818,-0.8954484838053103,0.7309237266952706,0.9895228764342421,-0.5045936590176487,0.335532173037151,-0.1918043795503901,0.5387143555166731,0.26705193033786556,-0.9792762265161115,10.58478894406668
-0.9639563910647948,-0.5183405076497958,-0.7566235394402336,-0.5591090686007429,0.5491388206879737,0.06626776856112637,-0.363757278045973,-0.47960269890423746,0.33081599368663106,0.9522521955736352,17.72257726509345
0.0788298252775701,0.031491614820481795,-0.5467460537057249,0.2541956643894192,0.23261176123565375,-0.1839631094836569,0.6764172386676714,-0.3292791423481638,-0.4847981872656222,0.39032463489441493,-8.739605907908938
-0.8571958733259459,0.3793515426238503,-0.87679345725727,0.8083254755155567,0.9900535267971076,-0.8609746142313313,-0.33712740416791265,0.011475138152850839,0.05217360459421494,0.04684895858438409,6.62990659870271
-0.6663406920032318,0.6154535590107648,-0.625890912264427,0.015722264889090454,-0.4040301467931855,-0.864187202455587,-0.171129515178156,0.9882609957245094,-0.5600329387021405,0.49195078729525976,-9.297145351927007
0.5092465308175971,-0.12590570442476778,0.10599799394985898,-0.1042552680560136,-0.41387994141554096,-0.6135364713287375,0.6924352767878579,0.7813729154532265,-0.10302483013774122,0.1741919722628733,-2.6032883701691056
0.8501385198486155,-0.8627119525099312,-0.6830997012052444,-0.14225612626136064,-0.6876772576787213,-0.8345652229577754,0.01490093228701328,-0.8499143452085896,0.17767625767880668,-0.018278399640177634,-23.034227594672224
-0.6441515582601587,0.9613256128763046,0.08864585449262585,0.030070295370191014,0.14651290130834727,0.8085499903186537,-0.8356672703022261,-0.9268816646714919,-0.3774913505863562,-0.1462710965048286,-17.73771995222805
-0.5933181606638898,-0.27350547148342597,-0.5491841216360613,0.6543899646190339,-0.8622613283338754,-0.8519170269504812,0.06545872468511416,-0.7267247708944891,-0.421167085442649,0.8114915800799658,-36.79090026585424
0.38119484788270297,-0.47353392167891184,-0.9353625916837247,-0.2267604221437578,0.7834461686724341,0.9240591228839998,-0.27770131496763883,-0.5939207658683017,-0.6683464578508533,-0.7085611994609755,0.9593208258740722
0.401747226884301,-0.13526683097306158,0.4752579476314085,-0.6758972974375435,-0.5061340065696456,0.14960447579402136,-0.6907593351005381,-0.0045469587346784746,0.019901684520470253,0.23057501812236336,-12.285665867308225
0.14330334770384812,0.14938339191440142,-0.4474646732867644,-0.24279743961632216,0.05941085588872541,-0.06742490580290483,0.5734092505486559,-0.6712026281716799,0.47065627025896406,-0.30443710815048375,-12.444208155424159
-0.8298293536123693,0.3576628758965221,0.37585306382037587,0.1810484655197484,-0.33401345712555086,0.6682889962305554,-0.2906918441571875,0.9691477026944479,0.7839538050175363,0.5415905044000195,8.245937733731623
-0.6725296209457581,0.0706534791063338,0.018668265777715076,0.7185525803394757,0.5342438557150162,-0.5743834755024602,0.24709202011414377,-0.24649528859371683,-0.7335303719356299,0.030846153237297447,-19.95227057687109
0.23849726637897617,-0.675178683394136,-0.36716710930330465,0.14486528607080507,0.45548516550135654,-0.7652309628410108,-0.9538446719877423,-0.428824937651876,0.2603529781606244,0.37287979064283894,12.781991495395419
-0.23537500597508698,-0.6779140823709688,-0.8721646468280475,0.008038889476747801,0.22488412866457685,0.06945167355236181,-0.03562143128274098,-0.11535614548047546,0.0483896014998495,-0.5406179089486165,3.5248545134496165
0.2470787143827462,-0.23704882643571246,0.26010523581221623,0.49668473555226966,0.6862067528471094,0.3836676725940944,-0.9201532308964417,-0.9883003149987539,-0.028268062046931774,0.6826733786643449,-0.10431362611654094
-0.6151025267549259,-0.46854589242349953,-0.5792294819348225,-0.2719476372301697,-0.15179641036756042,0.8936786730581192,-0.6516192661813898,0.9398888229934417,-0.452059746590173,0.1636228132130011,6.636511227038917
0.019661011731495703,0.261792180323146,0.05896874365893612,-0.1732371775516126,-0.12719965556868162,-0.3569069739289914,0.9852636728709452,-0.3276483425245402,0.8182895611740364,-0.8154906737340171,5.303074498862832
-0.632040511758712,0.6340666827102606,-0.27137600326784117,0.5335183550521339,0.5567984954160476,0.25809931582142265,-0.9620007726504212,-0.6184383576885895,-0.45846493164266855,-0.6789688265913898,-19.18214751161406
0.6497300693556913,-0.9807965187757994,-0.512508234916971,-0.9863129217833293,0.5231470142316337,-0.5914711504255052,0.35531561668854583,-0.17664172691157543,0.9376408364295812,-0.7060296013666549,4.855108161981542
-0.05727733061802187,0.047191696777909575,0.6032881752671317,0.04615665842104044,0.5716561917414729,-0.5314568140444971,0.6699915614042133,-0.121567308338556,-0.44618170776557653,-0.45800840572922774,-2.651476587414601
-0.5247593009834906,-0.15830951615866296,-0.3158855486501393,-0.8117397124557877,-0.6328583988459668,0.10950119989240004,0.9923122133618862,-0.7151824256709636,0.7339780275617924,0.7201242716067462,-6.299987872162245
0.41907714962345466,-0.030837603655950563,-0.2362728024363252,0.40778501118508537,-0.46751463944717253,-0.48853037520362785,-0.7874974152901917,-0.7813362924622522,0.7722136814739502,-0.43271719183036916,-18.727581783689175
0.4205284402408247,0.18753884717588676,-0.3290951461302605,-0.3013341186908238,-0.10303636518188708,-0.2220815016977531,0.6828445470565054,-0.6301805229704913,-0.9629744100045887,0.3671103083939735,-0.8064830849708202
0.22790987483221903,-0.1313303557320311,-0.5078237437453508,0.24687731881413644,-0.5583527867703977,-0.684725912079815,-0.7219977625708389,0.08671416284994704,0.3273561482385279,0.2463242296523902,-3.735464746677202
-0.016009970442853794,-0.8380188110960469,0.503123713807353,0.10410506034563927,-0.5665210883682628,-0.9555356137702624,-0.6021484993018182,-0.49584722096554157,-0.3486744315512018,-0.08154984621982497,-25.689410196282317
-0.42826188231490203,-0.8850180638458145,-0.29502106061873734,-0.7009430150362754,0.6048679297230601,0.7873866757822889,0.7667265934277621,-0.5942606962445487,-0.0893968153287672,-0.3601211071801853,9.692460590288018
0.541222407470562,-0.9288049066534476,-0.8934648107648757,-0.5737319804221628,0.1995849486896415,0.24514817732930583,0.7600935327480705,0.9247848329894401,0.6321464156032732,-0.8787126612271174,6.820008308535966
-0.5905836905665554,0.4825766141866854,-0.0557110832052663,0.07771278024992756,-0.4829898952205749,-0.28810842664400904,0.37774564403816524,-0.7791322013546822,-0.44753558304134855,-0.9183826338030248,-21.249210380858635
0.9118343925278076,0.4480734381381368,0.16669198861857826,0.8860498037800848,-0.9222157810787646,0.6364780395054437,-0.15780413399585402,0.10389481122359578,-0.8911618880440295,0.5831483671438087,-3.4067526556160157
0.2548069494680183,-0.8866010012687469,-0.4500003125332792,0.4854758540847044,0.1903464606178118,-0.7379072587003346,-0.041463425914635144,-0.21906420592161546,-0.3655739330765728,-0.7027411975568665,-20.96481273749181
0.7508849605491852,0.14520432661429594,-0.6752719063481956,0.20404781197603894,0.28997915368437144,0.3337343821021792,-0.49624942664670946,0.9097822122103054,0.8301199368520031,-0.9257398215715695,-24.624340023229585
-0.006838132535204489,0.7282159211437873,0.8979736019022317,0.6760193176651472,-0.1617084095022452,0.699760079259576,-0.15356335288416245,0.556659267263298,-0.4834535997844507,-0.7529641939661118,21.433677766137375
0.9643226365512716,-0.3573112404647276,-0.3907209282999793,-0.03526919730099198,0.9768544148676166,0.5496797750705138,-0.8523845182972178,-0.6438235836353037,0.3189943783579414,-0.6866012569911359,-11.663317606783012
0.2953691867850703,-0.24425770220177756,-0.09914734427355554,-0.666257986323187,0.5559007852922524,-0.7550429718161602,0.7083674210496633,0.947656169714068,0.7154865353843243,-0.2650339403356785,4.411601985414167
-0.04295457373806988,-0.6548986241149908,-0.6817707023005559,0.40645988812791756,-0.21700092031736995,0.6821114823240131,-0.8705972017317414,0.6289293702950831,0.21631596141497544,0.9712825604574877,0.5094840637931513
0.48989620726996974,-0.634402456664291,-0.9085141888769208,0.04348474255959767,0.8042054139031194,-0.6456749523207452,-0.2684835958516967,0.12150527957780133,-0.6819972977887878,0.1495870045335741,0.22486277106947883
0.29708942959781925,0.004942244694657649,0.47745935054017674,0.03355637057610883,0.5145286858789198,0.9463857439722241,0.24147762254127225,-0.8702471949408008,0.07432558782092524,-0.2507655503977624,-7.830345089739857
0.8562928069089075,-0.19576901314098594,-0.5041637218474386,0.3681533157488106,0.7580439781585244,-0.570881268367228,-0.05585105153341141,-0.4091945413531739,0.6962522693732967,-0.8772523190030157,2.0241932114508367
-0.43836397450299946,0.06235969380524575,-0.120797974568992,0.24315429996446114,-0.5719807926606209,0.7731779545101323,0.9844790678613788,0.707529531510797,0.4749765113080666,-0.13859425743583076,-6.401251181070423
0.3498336613373658,0.5586224648555014,0.9838168620250693,-0.6851200636203756,-0.5392856327060558,0.18466928179142506,-0.5802103685968343,-0.6445946134229008,0.3784577223651471,-0.07523922880149914,-8.224978422316056
-0.795310520887101,-0.24457581437814557,-0.8125514180278333,-0.6345087044941711,-0.5278744321725231,0.9518027428970348,0.778724894843636,-0.3870739206033069,0.6492309620184049,-0.31877067636898615,-14.03507435068466
0.8087616076805799,-0.9055370309262385,-0.4217674631972206,-0.1183323921748396,-0.621912881821516,-0.0867587874320972,-0.2667140960626615,-0.02084932396398753,-0.129133999756039,-0.4089692743351969,-13.959792618416909
-0.5762372387115879,-0.18932295533005083,0.7922356496192327,-0.49009070766378504,-0.6374446084836805,-0.32089157215984,0.1505056669075724,0.0035819091483759724,-0.5503019821199728,-0.34485621806576017,-14.586247571169938
0.45484557521939495,-0.14676798181746742,-0.32862320326286953,-0.9478511317097167,0.3218695131402516,-0.6809362224724593,-0.6528045414761765,-0.6108337078030819,-0.23449821311061259,0.4600517001731146,-9.444308696662407
-0.5067031121688523,0.8207117153756658,-0.14342977294663162,0.08447319357856764,-0.46598141045361396,-0.6697583403090335,-0.08444171743393958,-0.5341655667782494,0.06864461695411084,-0.11385339830619934,11.111669795091112
-0.9633342274688259,0.829365409749991,0.1734212554604866,-0.0038810996163285427,0.8210355660689705,-0.6553568213210819,0.45380334730626926,0.24474882021650268,0.17501741919617264,-0.011877371024921146,1.1192059560632825
-0.0729007965449544,-0.2497226889099351,-0.48494320811054736,-0.5457307520937942,-0.5161493496997587,-0.7237508995452162,0.6807497785792351,-0.02104860967030575,-0.4327114750630576,-0.12033404645401391,-15.282485700491623
-0.969402288062271,0.8531966610976929,0.5007515008185626,-0.8292981303527602,-0.18638751427195954,-0.8446318704526599,0.011457816886270455,-0.8315177736440571,0.48353372787633697,-0.879492702002691,18.70379049431864
-0.6036828558301017,-0.4141586938426005,-0.49757950627767555,0.10433843520100528,-0.8924927992296408,0.929863412296456,0.880817124616533,-0.7624555486221651,-0.5111027635424785,-0.4697426027047975,-6.327828223910417
0.5396683733194187,0.22199757665154762,-0.13887330383983665,0.6414018514602775,0.01563141817497371,-0.5388380455392605,-0.4787739299047813,-0.9182830474985919,-0.7290795394207716,0.4298910146547872,-0.009500769166690959
-0.9576032902183227,-0.49921867362688754,0.7363468278410892,0.05570962046561356,-0.432791994290332,0.7346659576205712,-0.996153739495659,0.15868554819737768,0.04876556481499161,0.9956038652578854,-5.882361846566164
0.7330178329241372,-0.7016985429765448,0.3691655111309322,0.08084804143456759,-0.54981781605024,0.6073474533043768,0.1762782029856893,-0.5545239329157459,0.8119091113590582,0.6807165984222978,-6.998681689385008
-0.8003909396671391,-0.4844841065692218,0.9910266006940032,0.31856269536897086,0.17603139205084561,-0.7894249179260004,0.8848496359438383,-0.020193270177402134,-0.5689888076602572,0.3150423687643762,-14.707620186476785
-0.7991478509695187,-0.966039846161221,-0.599036281587535,-0.9956959087025581,-0.36800709679148835,-0.5630898047236821,-0.9556851786167626,-0.6016627936641479,-0.9713043799366923,0.236830476731559,-285.6378940202413
0.927474426945009,-0.8486219635674555,0.35860542192601796,0.3576386422599678,-0.5359790477158588,-0.2817426283996125,-0.1556533379853735,0.8879985159729404,0.9255312942632004,0.15943460229875384,16.9374631327983
-0.7039984032860587,0.3852274281796193,-0.8838091665992569,-0.12877860102884386,-0.33913142409845465,-0.06166297221792583,-0.23121079929095822,0.09566751103153481,0.8486921831509566,-0.9606093060782013,-15.715493855556236
-0.7426550285431783,-0.8298193916949093,-0.7294925714863805,-0.48926020853863195,-0.32981412112397335,0.7277033825631278,-0.05523864475935958,0.1744823328225371,-0.21102561298343625,0.7542197435035589,6.793684268694399
-0.9977230025957529,0.5206766163906138,-0.22177324600120252,-0.7064961753832741,-0.08451623860906299,-0.8759979629894055,-0.4302486692162979,0.8673650322071855,0.3940663455631659,0.14416172904705626,-13.154516437658668
0.7436264143391966,-0.5470277567836965,0.6588969959827755,0.6313360856438497,0.7475523890371567,0.3937692487210478,-0.7266607267266867,-0.6607141913032941,0.238289171526205,0.24205156733158684,23.180568201271274
0.8919104552221946,0.784946189846603,0.1063461089672566,-0.4111584417265981,-0.06053679709925475,0.11047138070523843,0.32087196537923046,-0.7030899775760013,-0.8683304636029787,0.0054782870490677205,20.57671723653927
-0.025399368552801782,-0.8668723862339618,-0.9230739223586404,0.7439194415130237,-0.9735571455589664,0.07706449803309834,0.3399019808329766,0.2507195663847104,0.6718921617976525,0.3893268856562684,-9.894818150987302
0.14499763996151804,-0.03408820471934604,-0.47289160807880215,0.23664500537910538,0.5532409584641091,-0.36961188498852415,0.5304081476788856,0.6065530685762188,0.8811234851025262,0.13440408523241532,15.373733830661246
-0.12208618627458145,-0.413751634373289,-0.8863446824525283,-0.5902252507205792,0.7560106700488232,-0.12517016138529136,-0.8446196064588054,-0.6960262786633984,-0.725127559180613,-0.4019470249643038,-52.760072107591824
0.8692704206847943,0.8186550875673295,0.09106274994459684,-0.012980729397527924,-0.10455636989976558,0.45555127818095675,-0.4625699338248168,0.735675438089038,0.8799598872385455,-0.3431435034776018,21.27468209193992
0.24418760947594476,0.3761868725966089,-0.01798228413763403,-0.27040804356063064,-0.551054211784064,0.8418148449106813,0.4640306051666725,0.27509322601482666,-0.8812460632507644,-0.17654844357156185,-2.9723108565186895
0.43732038149608066,0.4114508007279565,0.26355487124642485,0.36289920378053164,0.2923299659533851,-0.4973461568158266,-0.4289554843280088,-0.7542756417423462,-0.3624996407167651,-0.7697973174158912,-10.257820989005175
-0.9658257965343418,0.9321756574482973,-0.40167276236120086,-0.41266136254976193,-0.38936250289229113,0.22358007526407286,0.14477547599524732,-0.4539392883381972,-0.05950667965414147,-0.33829164692805236,-10.537801527646605
-0.9413175465537629,0.8373800425740148,0.34458886074069905,0.8862289960054992,-0.4928264612634501,0.644241030802883,-0.03156197201816835,-0.5781923137000899,0.02160685947938923,-0.5438940710721598,-6.343767025085485
0.8931749419843276,-0.23112464147375622,0.3420827206148833,0.8817573367391582,0.13968902220073742,0.9302651797509847,-0.09857140012030241,0.7844729558226282,-0.10430010943168178,-0.7342359887954066,41.40536054021291
0.297077818115312,0.46797042721745896,0.7430947415945348,0.15193026217859895,0.16596018436522608,-0.2503609555115218,0.32704863823798447,0.2831400989645996,-0.3194467326840358,0.7654798811401546,30.963172330879203
-0.6840566226123521,-0.8268552414865737,0.3836537109755973,-0.9300072943251123,0.5904471734504784,0.38323080683307253,-0.7224858295244465,-0.2271783639403595,-0.6011806694620276,-0.3825677083858807,-18.278618802306198
0.14895402329109997,-0.2472054378551407,0.7147922617752902,0.5467222280736148,-0.07350226661909187,0.2842961612829127,-0.8592251833084761,-0.5458902558912899,-0.623811750807252,0.20949616908524482,3.969669807248856
-0.14849590190529494,-0.3578999476403344,-0.9048609419584122,-0.19438738928723032,-0.9906689828397697,-0.04971328868300762,0.35895785292458116,0.5589043384507131,-0.4214291476983134,-0.32658276993360147,-17.34083209215122
0.3274454219282512,0.4215125295553508,-0.5427619314698862,-0.11781384953019747,-0.8574155405747059,-0.7818477610659165,0.0674758636740409,0.6574495972548524,0.42535239819551296,-0.6123407855151619,-0.8883430390344764
-0.9185489285861437,0.4638979344080474,0.3738688344921881,-0.5552085648985623,-0.017853628812270372,0.8454056681611717,-0.7598299257185999,0.4539459962385999,-0.2101953418816469,0.2391573677313099,0.12358261333079469
0.49907473431622584,-0.7042129668823296,-0.6608971506558969,-0.9826137389942373,-0.8117664406415601,0.23497786063357506,0.23414751701186964,0.20855581945596469,-0.5552835614363314,-0.7727594724137858,-33.14561407635193
-0.6076399669485031,0.8717854555355624,0.17278409959585983,0.409636958072668,-0.2881792190581802,0.1221910205309511,-0.8066371215200938,0.281917395507697,0.7133320761525057,-0.16787854012569126,-7.707750845953547
-0.48157842055653965,-0.8523029523314594,-0.5102955422109419,0.5683882969339853,0.04130090348784554,-0.07126409440442671,-0.4742942273804449,-0.5191801099604527,0.6424098814835921,-0.05446786010452054,5.171437805101509
-0.08873965977203202,-0.9072206359682575,0.2862844957429067,0.9317495209333195,-0.344894439105335,0.2791966646944499,0.08251924461991411,-0.4393072884083917,0.27277068856396336,-0.5913496662469062,9.798730462623055
0.018445558604529788,0.1065800536609689,0.1746646378898229,0.1351731795359845,-0.6401878529046849,-0.8390293009753782,-0.5760069468100439,-0.209789977833307,0.5987182536748428,0.5114534870260201,13.620085150216637
-0.05567698898391482,-0.9152896753053272,-0.4543930419601867,-0.8054406376917309,-0.4345346321215189,0.9431799880610481,0.8469448298963165,0.06372481540561847,0.6994758843108289,-0.7036919466508949,-4.2610193853441425
0.5792452674649311,0.003989090554304964,-0.40778069970792763,-0.4960548312692299,-0.7169598675644617,-0.6106095528584663,0.3277520880517699,0.6972507794565039,-0.3929021761313911,0.23030834096572184,-6.804360722050563
-0.9993293365297655,-0.418772440036169,0.9903675299850867,-0.0028495802235304346,-0.6667602886772968,-0.14625528918169772,0.3215227691075373,0.031181492005104117,-0.2804321294264269,-0.6674827507553265,-21.29293502518001
0.37216686486797856,-0.5728114114157203,0.8832465733923436,-0.24592494358261963,0.615919397694739,0.27242681417809456,-0.7755410696040206,0.534639398454497,-0.883388988295926,0.31224762093707814,-1.6478712041401573
-0.08321319147886919,0.7951656400900413,-0.5912659424986311,0.8301475604595003,0.42935990697263215,-0.13794630199695468,0.20536360150625677,0.1456649271215722,-0.17686971448987232,0.9944903807977366,9.328529890560937
0.011844595174313133,-0.40137952928049203,-0.4504563696478747,0.9027232198853066,0.725916744345074,0.48245317891725636,-0.7045662324859367,0.37721135178417553,0.6290289779198832,0.16925908620829233,-3.010290198180157
0.9695134335602944,-0.41351743419366516,-0.3432365410941556,0.4708930982249431,-0.9562805589610057,-0.6592258454620792,0.2631882359665858,-0.5662188642608557,0.9316698466403943,0.5869543202145424,-28.043770137672244
-0.7810793333905259,0.9044963038689062,0.05765442923795194,-0.11656658399191344,-0.7820173941795834,0.46837743544208044,-0.177792175590465,0.9922369602848271,0.7576883404313659,-0.772908631492369,-10.269582489093553
-0.16965187045693386,-0.9786345673983723,0.31645806752429606,-0.7206624311497021,0.14165206281946485,0.9873822873084201,0.05455840408625723,-0.23954185313884113,-0.7006614398162909,0.20624973607115504,-7.606767456384016
0.3852249623145254,-0.31120102408709815,0.6229483292696094,0.2822238247469646,0.025343584087972992,-0.9948787477115104,-0.6432788984119178,-0.5788358663612567,0.9795381348039793,-0.9572384371596165,-6.218475758706267
0.004024765097013772,-0.38307606601340294,0.6490472853217901,0.7623389301327368,-0.08487513350645037,-0.4618861416808482,-0.08555655279873209,-0.5919104137419176,-0.869016699402616,-0.17978789185669597,-2.895479404480713
0.3063406490470866,-0.9676896923112275,-0.19928963851070103,0.032854057698153305,-0.2709645132736207,0.16709832826712345,0.1889549458067723,-0.3907230072086503,-0.9250251033784316,0.9795518850351219,12.411868763836901
-0.14963575526887496,0.6156399127756198,0.9827247453173904,0.23832286549708548,0.28192719086929463,0.1817429035439473,-0.5229550008775485,-0.19960634186340798,-0.29488643948425897,-0.7907632819512997,-2.3919964824259323
0.21488484007732822,0.9814625215657993,-0.5390698182377047,-0.366432877313859,0.4869530805556648,-0.5086467144384375,-0.18022165180720462,-0.9174629941114811,0.19151496272445812,-0.35968383816350324,-7.715180773732713
0.8705310876528649,0.8042911704202629,-0.6263494469786028,0.08336541691171928,0.012651582431166153,0.6525250069761737,-0.6313506128835458,0.48665088635097375,0.7121759514534725,-0.448597159515564,8.04259546945789
-0.590549697480637,0.10704051169241424,-0.9870377991589845,0.4514668100171575,0.33149586598011527,0.3669036916378239,-0.8799021919831294,0.1855171119704766,0.11631545962484924,0.5726098709514422,-10.462315580857087
-0.8437843642049037,0.7531829695838903,-0.8510167596247009,-0.2678321110899542,-0.5861996890127508,-0.5993073502802833,-0.8811804411218072,-0.4989776612703518,0.2812359433584879,-0.5739498946761452,-62.26602293535743
-0.09113761663941711,0.061777812337559856,0.4149292043500574,0.4905775330900197,0.21038081708766643,-0.9564520528506182,0.9017964528291014,-0.05906618340903447,-0.6951697948166415,0.7713107085099362,7.531061749423641
0.15094953525756472,0.033962483270697286,-0.6142542339837354,0.28962203720250845,-0.10704381319080136,0.6625020422372194,0.9898594230683397,-0.8574964717740761,0.03491008852897748,0.33234169406484027,13.738060033779117
0.058029500012755086,-0.05322162654028828,0.17434694360561642,-0.3179305931034646,0.9910076906927465,0.6837179451240063,-0.6410117679345559,0.3463639916869463,0.85176891031352,0.24085173632613266,11.99583283065687
-0.9895172812034503,-0.8899675433320258,-0.46243677933343474,0.6939717093547397,-0.40696436316830575,0.23889230246172977,-0.1707047980428955,-0.6854868878138107,0.6780655192014771,-0.11441549269450246,-1.0087735064426049
0.802903927349667,0.8936014892203012,-0.3454702193658099,0.5488783562366046,-0.7656956791490273,-0.7693954823824842,-0.18893945312308968,0.4112275735156947,0.26065511433498534,0.003289149350242715,11.067865152737703
-0.11244677729941377,-0.05672382645350771,0.8190532846475918,0.04689357266395899,-0.609842904092269,-0.19085170372036475,-0.7562566119312111,-0.7896521199005977,-0.465882988254952,0.4491829485579526,23.069659970590497
0.1606714651038843,0.3438362806735922,-0.49605993716120755,0.42602904480777615,-0.34227745779596397,0.8586828313961603,0.03880452926686129,-0.7019769516267536,0.05539623071641642,0.8449443683704192,2.859801624744061
0.5009633801367144,-0.5640176047874106,-0.2044155210498173,-0.8577798139665049,0.3084799045576261,-0.797789773095332,0.5101699899507535,0.08551974443249177,-0.984430107310879,-0.23567723214294345,11.359599477328462
-0.005560326129328219,0.4976736284109655,0.7405808499763618,-0.5216209569478063,-0.35510647555844854,0.9723749833690649,0.0667466239144392,0.3929214174680067,-0.3625244768737037,-0.5203262483408175,16.710016282589876
0.23359574249522064,-0.016487250275779353,0.805017830191505,0.623388462227235,-0.10460765988607323,0.5672965795422833,-0.7171139454822588,-0.5210357997229911,0.5959611538551683,-0.30888566953378316,-1.1354457110382217
-0.719681211393711,-0.008766752185494608,-0.498434261022634,-0.5912104467011867,0.7051473201777265,-0.3764299365841477,-0.16733650283298052,-0.32824498031887406,0.02030734434524195,-0.5538559499716933,-2.3179891575505422
-0.41629184683329146,-0.6636188119848336,0.4152121264544546,-0.6858501174432567,-0.15420206342148934,0.9579199544775423,0.2642836889796447,-0.2424082953206419,-0.6313826625818801,0.027109722984276052,13.45464202348002
0.5856906106591884,0.9924636191850897,0.8025407652080738,0.24034384239013495,0.6372415973715309,0.8753074335728888,0.2576113751466773,0.7313894297044015,-0.19797695273053062,-0.5512539014231073,82.13082023925608
0.9331682340702556,-0.861165579291316,-0.6960196882224328,-0.4679874685836767,-0.7044736357396524,-0.4198301176377415,-0.8667686143493945,0.5755161147055665,-0.17008537124263712,0.3300021382700764,-22.40380245844107
