x1,x2,y
-0.11765866258617873,1.354906471233694,0.0
2.2164639124382095,-0.9419287474607252,0.0
-1.9164027850246759,0.862243876960199,0.0
-0.4939677937690731,1.4800495822613684,0.0
0.12299012188467086,-1.4046719897692113,0.0
1.1937557735416175,1.1964214660921844,0.0
-0.8181019290525579,-0.5523280047135944,1.0
0.17350958668947586,0.4488558406300891,1.0
1.8945001903322556,-0.599381642560716,0.0
1.006614910695262,-1.2272638235543585,0.0
0.47858361640877295,0.15715601491852893,1.0
-1.6325483024825316,0.5017977824714945,0.0
-2.499485546153178,0.12611279812737405,0.0
-1.2584139695756278,-1.237727583215383,0.0
1.4667841974700164,1.2518149836639654,0.0
0.0959809406782137,0.2814069353928891,0.0
1.5452686326308291,1.7725411516778298,0.0
1.1102964032320346,-1.1678722109513633,0.0
-0.8876088129695547,0.17952047462728044,1.0
-0.6098760012349003,-0.7763868019596776,1.0
-0.8697563742457106,0.31817083886962144,1.0
2.1572157257228852,-1.7388179974304794,0.0
0.2787413067252239,-0.04601271947073251,0.0
-0.602261719189131,-0.506991836509991,1.0
1.168576297441099,0.8119217004739666,0.0
-0.7132646744209744,1.1459668612203464,0.0
0.6484181335821341,-1.4220332268965148,0.0
0.6935034887072904,-1.8619499280342133,0.0
0.05569734278142851,-0.8860785133220949,1.0
0.8923023868770981,-0.37139599577070326,1.0
-1.8608200871973308,0.6607018561600938,0.0
0.02292973133957032,-1.5115633701096036,0.0
0.6102314398789557,-0.6446437117895869,1.0
1.2896694065682186,0.8951489795344879,0.0
0.3622774882551534,-1.6130367095929854,0.0
-0.014887875050537047,0.11234030324723036,0.0
0.4720520793598964,1.7456675247239952,0.0
0.3591439828545083,-0.317479128605957,1.0
0.19841882503631236,-0.7146103110904782,1.0
0.21357768406528063,-0.9221935168869718,1.0
0.5722210014331999,0.1952130837800527,1.0
-0.9370351047386809,1.13869236783589,0.0
0.09547677308334661,-0.17900128247279698,0.0
-0.3540568315040498,-2.463462479710119,0.0
1.9960446144899997,-0.31760590684024637,0.0
2.10123230119409,0.9808545437387717,0.0
1.208583804438901,-1.8139822884122914,0.0
-1.031106257157083,0.6578706840694201,0.0
0.4201574980843233,-2.310806470876137,0.0
-0.276252524915653,0.7318073533238438,1.0
-1.8319945706194896,-0.047613393563499945,0.0
-1.568821387949433,2.2971837443133074,0.0
0.07535392055574963,-0.9669185638862099,1.0
2.2273982026808237,0.3231050753162282,0.0
0.6404341017953482,0.46467845456681434,1.0
0.27322550323226125,-0.9797894563438027,1.0
-1.2997329504389945,2.9914490815231467,0.0
-0.6439853907494414,2.348634783404389,0.0
-0.8425571696787245,-0.12203117362180124,1.0
0.47939903974289755,-0.17985799610649658,1.0
-0.035104329439146174,0.5335156680937668,1.0
2.7696117736427324,-0.2151214807697493,0.0
-0.685200133372122,0.4276549929479453,1.0
0.0476320538844732,-0.07909799795424291,0.0
-0.6771147018427061,0.036378139035241626,1.0
-0.398193063689827,0.4308677592845633,1.0
0.6582027008734638,-0.9277843773510553,0.0
0.17551297604504515,-0.9917984542168572,1.0
-2.006262846146065,-1.215369546171677,0.0
-0.7786036157073145,0.06987672667498371,1.0
0.9986605733924049,-0.2110020818976485,1.0
0.7830413294591375,1.117867261734892,0.0
-0.8085551372599649,0.056820885762267175,1.0
0.08729290881974608,0.4259320637972462,0.0
-1.9120704763756642,0.38737353388468093,0.0
-1.474769603423602,-0.2109889506626693,0.0
1.0839508802723483,-0.6391209596613732,0.0
1.8181291126079098,0.4829372056622017,0.0
0.08697758900987326,-1.4967379580206939,0.0
1.6729290804153896,0.88359104386712,0.0
-0.9984484981780622,-1.38117128850008,0.0
0.6043730416028904,1.006438710302018,0.0
-0.546853828842497,-1.1952144641331568,0.0
1.4777999701898907,0.09934956657415675,0.0
-0.2609772749665732,-0.5683941981442117,1.0
0.544509323620742,-0.25749533367151956,1.0
-1.6488474995373406,-0.10076162714769214,0.0
-0.9959214997479416,-1.35480359608748,0.0
-0.5885969493903938,0.5016999687638465,1.0
-1.7210366891018438,-0.7440885674631827,0.0
-1.8442221232521563,0.897583767448066,0.0
1.3445052369448112,-0.9912944071763534,0.0
-0.6298971138035414,1.4485769470233465,0.0
1.1368083601155186,-1.560887029061303,0.0
1.3543371445704724,-0.281258448285279,0.0
0.2857427593296384,-0.9196390955587179,1.0
-1.743442175114757,0.20161304622678525,0.0
-1.0054984668841136,0.49987243497555967,0.0
-1.5423187375590641,-1.3003152600193244,0.0
-1.7609299708845205,-0.8947946852244575,0.0
0.44141080427661517,-0.18071000635981385,1.0
-0.15884909599422856,-0.019049804684422512,0.0
-0.033069566080853055,0.4644934688401269,0.0
0.28493351527412203,0.395619177538332,1.0
-1.0074081105924946,-2.928279317565485,0.0
0.3055893333768692,-1.9165468330621491,0.0
1.4495532303793777,1.3625992766854516,0.0
0.6434023208210281,0.10457624797759683,1.0
0.7914467224536881,1.3117723017852319,0.0
1.3702009609179167,-0.32339512993415553,0.0
0.6300079654519947,-0.452896934836297,1.0
-0.01421749931929074,-0.9064782256116715,1.0
0.6893158695623447,0.40399879704864405,1.0
0.021344982131115343,-1.6409595319140007,0.0
0.6408697094129222,0.025015321626624412,1.0
-1.9627512381830723,0.0008219354917651149,0.0
0.5127132245507637,-0.03574071658097607,0.0
1.2596089952688587,0.8280902248992777,0.0
-1.4493480187855576,-0.16111909139612413,0.0
-1.563868674067196,-0.7410897177920986,0.0
0.7390268032008265,0.803129892117227,0.0
-0.19210333459825263,-1.2232670249273085,1.0
-0.8355456275110463,-1.008306265257112,0.0
1.5689381385283612,0.8621564449270538,0.0
1.7255242312747106,0.6100698075659808,0.0
1.998809860041085,-0.38968182252836314,0.0
-1.461488612709043,-1.22650731117421,0.0
-0.31630990173686235,0.8347025868627639,1.0
-0.055536841421494135,-0.8405986130043719,1.0
1.3166074705217359,-1.017916519120928,0.0
-1.5022323256906411,-0.8575264575217767,0.0
-0.6955151085374596,0.47170822194008144,1.0
0.09909401773559837,0.5895191258422313,1.0
0.398396470984634,-0.09695559822732763,0.0
1.7251737087690342,1.0556257663391586,0.0
-0.7520430576099212,-0.7430445623052013,0.0
0.03468424366137406,0.4596231295103354,0.0
0.5396705953659274,-0.13291570119978416,1.0
-0.12221098899222237,0.51772339571915,1.0
0.34389485057430524,0.4642381361532809,1.0
-1.3392896828657597,-0.15957363146858475,0.0
-0.7126286598691147,-0.8006505273930506,0.0
0.17050184709551164,0.6497879242996508,1.0
1.7361424228566713,0.6368996756739694,0.0
0.35639485150192396,-0.07892342492812356,0.0
-0.44983683781742445,-0.8114672066253129,1.0
-0.04095941145578846,-1.3757251042028593,1.0
-0.3928476946457257,1.054916310053403,1.0
-0.9630424225133446,-0.333093862005553,1.0
-0.8736672028418843,-2.1327839138507128,0.0
0.2856839108104575,0.07014903134172899,0.0
-0.12733620576110086,0.8010850699217738,1.0
0.8705312159033195,-0.24121358101100035,1.0
-0.8367483724632654,2.891083174295945,0.0
-1.6890362776701024,-0.15215757775894667,0.0
-1.9045804807839832,-0.10027914842256284,0.0
0.7014623899428688,0.7512483889428432,0.0
-0.4126509610294233,0.7528298726827278,1.0
-0.7047105649436161,0.4222019681716197,1.0
-1.9370007752645835,0.9381574550382745,0.0
1.060688822583446,0.41788125255093317,0.0
-0.6383342996993326,-0.3129117134173487,1.0
0.3269147127220959,1.6336099848790926,0.0
-0.4045185009380397,-0.8329121030327167,1.0
1.2527705632470045,-1.1520277185275964,0.0
-1.8411710447048928,0.12959711416096378,0.0
1.2285519516111074,-1.5844412046978058,0.0
0.18611367233994616,-0.7477546655652498,1.0
0.39227973654404363,1.2258730065065864,0.0
1.3001034631651989,0.9638369790538028,0.0
1.5376805195112078,-0.011630811494848728,0.0
-1.2108076435905077,0.9971240100883718,0.0
0.028729715333550915,0.8339490921323293,1.0
0.9626130766569596,0.8901829813222535,0.0
-0.8213133104560962,-0.12890644425465536,1.0
-0.0274204990581949,0.6711252786906831,1.0
-0.3283425608358716,-0.07441947895066273,0.0
-0.07698310024307999,-0.6542283518228491,1.0
-1.7234118383952886,-0.7245845792275406,0.0
0.7041996936676936,0.005006474717304285,1.0
0.7343465718931866,0.41095304462102134,1.0
0.37667247570142315,-0.832252421863586,1.0
0.6533398664966925,-0.2289365945529755,1.0
0.9160879967319538,0.8913109219897836,0.0
-0.9863485169180077,-0.5464709816327946,0.0
0.3722657292689223,0.15556046049404468,0.0
-0.5303159665176677,0.920954805431592,0.0
1.0819612771138876,0.2452736068707691,1.0
-0.6989806426015662,0.8023535904717682,0.0
-1.4394974805094958,-0.8288379166680127,0.0
0.6724926742412243,-1.4573766757868063,0.0
1.2159088041232382,-1.2019124180392708,0.0
1.667072133768451,0.6077171866095586,0.0
-0.5826662703841208,-1.0731314787988604,0.0
-0.171235372194034,-1.8423433517008374,0.0
0.04408833483431159,1.131880176471515,1.0
-0.5274446889836892,-0.7225192133979862,1.0
0.6696123390265368,-0.83183127876985,0.0
-0.8848639701202249,1.653182475938743,0.0
-0.3642901985127804,3.746224667550786,0.0
1.0786779106281312,0.10209423151923433,1.0
-0.5506932338263231,1.035467216904355,0.0
0.08378478735765545,0.19064756011716982,0.0
0.5763393876830889,0.2752497745619368,1.0
-0.18447211942145364,0.19432612338248537,0.0
-0.8810717617333284,-0.425911093777235,1.0
0.8308976010036662,3.1952031365532565,0.0
-0.009095562070113252,0.025491422608097867,0.0
0.4944467508839898,-0.42297100852227065,1.0
-0.3080713551158772,-1.1424516974817387,0.0
0.1659199099167351,-1.064009089711391,1.0
-1.2600848469979924,-0.6239017267061213,0.0
1.322947952993801,0.9336468204213492,0.0
0.7608002534275712,0.24597878050756217,1.0
0.19785033337359564,-0.13022305359780223,0.0
1.888862110608089,-1.6773655399613976,0.0
0.7649459881854989,0.06144982821246637,1.0
0.2893267731521632,-0.04979401925313576,0.0
-0.05764813300105474,-1.8037526667399573,0.0
0.9686008612398879,1.1428969511552112,0.0
-0.40021669648691865,-0.26438233996630384,1.0
0.14559549138707378,-0.18062636475237454,0.0
-3.263104264097718,-2.166687826477508,0.0
-0.19343908282370842,0.7210122519785477,1.0
-1.7635422583827574,0.9010888710318956,0.0
0.2731398987084183,-0.2496540100756386,0.0
1.6620457416234462,-0.2434866377699694,0.0
0.5761281324971256,-1.3057815681404026,0.0
0.5649778161232482,-1.263488460110076,0.0
1.5806148326806833,0.9826998557265104,0.0
-0.13028467782235523,1.081032539115367,1.0
-1.9371365762489576,0.42368197924078704,0.0
0.3684203525935692,0.19627078851806246,1.0
1.0085913734736185,-1.9550882501022064,0.0
1.1474099570217626,-1.6942669607819358,0.0
0.04933852366021512,1.992789525112835,0.0
-0.771579663570009,-0.00669906272678128,1.0
-1.586204560068614,0.14908537359558557,0.0
-0.6864910070124679,-0.4953759641810206,1.0
-0.12455239077294067,0.17316864213913766,0.0
-0.26011171027719115,-1.6973699060079264,0.0
0.4298559018198619,-0.26597856695381333,1.0
0.9923628492929376,0.9280011652607574,0.0
-0.8462978902772874,0.2956765807310961,1.0
0.47421704808320153,-1.7689133122746272,0.0
0.8393055809191503,-0.8282161942667979,0.0
-1.1748654194586374,-0.5341482643618793,0.0
2.1393098326131263,1.5964173451583268,0.0
-0.6118637033934153,1.097103086499636,0.0
-0.31568934608070953,1.1712511420843024,0.0
-1.163044836069999,0.7560282773714498,0.0
-1.1703312444491727,-1.7262621280710493,0.0
-0.8310665999725987,0.5611949946380322,1.0
-0.18817319038504532,-0.25374246915774445,0.0
0.5411052114723891,-1.2073864782572112,0.0
-1.802772232478389,-0.5147219301141704,0.0
-0.6794301153353275,-0.7691233708440541,1.0
1.4265943928104377,0.8505092737695217,0.0
-0.40686367016667346,-0.11656022222787892,0.0
1.446560409000429,0.08330331790926235,0.0
-0.37564378751533983,0.4892008167901094,1.0
-0.8771553375646608,-0.14509631432196188,1.0
0.828511756657771,0.6384182397294673,0.0
-1.0382208427730815,2.174879693268965,0.0
-0.003077382895348911,-1.3702873541051785,1.0
-0.6838943111035906,0.6482142179404432,1.0
-1.0337217071720834,-0.7844514044889311,0.0
-0.15800523491391738,0.7576767554650886,1.0
0.4065509000661598,-0.6360421034123965,1.0
-2.505244120415945,0.3527442076452111,0.0
-0.38741328776860834,-0.008052503732103228,0.0
0.310257483951659,-0.6516942107828928,1.0
-0.10296435277808574,-0.5197571243405927,1.0
-0.6768259092938166,-1.0274519820427659,0.0
-0.5853996532821593,0.1812687914116007,1.0
-0.18042794559416409,0.037558030673254576,0.0
1.9514376634522348,-0.9872672458556148,0.0
-0.6030480550045407,-1.1817671266566285,0.0
0.2454266878213845,0.1346578513877677,0.0
0.36989905132619144,-1.0272449563918506,1.0
-0.3143709929548889,-0.06504897078395598,0.0
-2.195695163636206,0.09580317394151987,0.0
1.0649710975535338,0.528848945931573,0.0
-0.912360467645031,1.346484133946332,0.0
-0.20050671127091507,-1.191974651591623,1.0
-1.4980140207398742,1.1178985052539814,0.0
0.5179546426553786,0.11180130818815355,1.0
-0.17478089842294467,0.8698604208042221,1.0
1.4100463368298275,-0.47334046490967124,0.0
-0.7240587121045982,-0.5180830616488348,1.0
-1.1209735490238257,0.6514906157915337,0.0
-1.1699121550232632,-0.6325741386324407,0.0
-1.6364182879158296,0.528939950418983,0.0
-1.59558152848422,1.2630983182777091,0.0
-1.0318668604405263,0.0796115832695895,1.0
2.045621438108476,1.9195594402713905,0.0
-1.6501365167460036,1.2121544951439933,0.0
1.986213952360431,-0.9547140847165875,0.0
0.13443758356681815,-0.1427186472789969,0.0
0.6114164895774927,0.6418717885323922,1.0
0.016945060290693075,-0.8152069623179636,1.0
-0.0505131899294595,-0.010783800415078407,0.0
0.9194299441836313,0.6954801344772485,0.0
-2.525171054312995,-0.9015804470114712,0.0
-1.2873767712375765,1.8859512070787854,0.0
0.5590064410468131,-0.043394393317675355,1.0
-1.681584318377914,0.3349617697313981,0.0
-1.6238381368123311,0.5598649729753515,0.0
1.3585559024145681,-0.6894516416394029,0.0
-0.866657749422052,1.0308709298234702,0.0
0.17435896967272513,1.1964962400301995,1.0
-0.031228886694045804,-0.6391895697645323,1.0
-0.7475101416170236,-0.4481230530075942,1.0
0.49915454252827085,0.023257179141268326,0.0
-2.44669610673043,0.9497182251378673,0.0
-2.7009514784529642,0.650416496464287,0.0
-1.100833134013285,0.45973936927821907,0.0
0.20625747674975334,-1.1837410630011511,1.0
0.14744428934585913,-0.32990768625981454,0.0
-0.3820097885076159,-0.9958518944640542,1.0
-0.4367901280945889,-0.7031680024708782,1.0
1.1999293514060099,0.25148458437508253,0.0
0.7249603512857461,-1.5752215731800954,0.0
-2.7061599819732027,-1.1071352834463937,0.0
-0.6157027624642092,1.5933067238694218,0.0
0.8729452752274581,0.097811253474654,1.0
0.024150701756278748,-1.8634597052767081,0.0
-0.7100309309393823,0.7707236992928401,0.0
-0.15980665614025896,1.2334100972032895,1.0
-0.07488905756689844,0.18877301124402368,0.0
1.049637586360554,0.8510799979526481,0.0
1.2302445550264316,0.1809462846822146,1.0
-0.23292406805860938,0.16374047379757892,0.0
0.9692122382195116,-2.4123554363143547,0.0
-0.38281969457914494,1.1236860824922326,0.0
1.6839625931439093,0.47339277913002537,0.0
0.6493206835023035,0.6829123557006652,1.0
-0.21061710084111876,-0.6307390049543617,1.0
-1.0222676538630258,-0.6151307465064025,0.0
1.3406210664077625,-0.5270724148553483,0.0
-0.989360222561328,-0.1633462788330384,1.0
1.7967073174511743,-0.6160593624546057,0.0
-0.026970432922994288,-1.1008127384380677,1.0
1.0304935537103241,-1.5865954352551723,0.0
-0.13266129143476957,1.2557153760922388,1.0
-1.4706547497622422,-0.5623446693115866,0.0
-0.3232353246870541,1.3654878321430293,0.0
0.38760690871358167,1.6145364671801896,0.0
-1.359703022191684,-0.23330793168065828,0.0
0.2984887668068746,0.3895023024144425,1.0
0.30379341490479933,1.0025563152713484,1.0
-0.25348144983461296,0.8701627394196891,1.0
-0.13169532395288988,1.7770362488873614,0.0
1.1998832716089334,1.518051264917411,0.0
-0.3956875788081843,0.9411814190965822,1.0
-2.172639789770084,0.13772296462448833,0.0
0.457235187502664,-0.42930905388057744,1.0
-0.9271992128457363,0.6939538951216843,0.0
-0.38286713135692557,-1.7097354917530108,0.0
0.993535821572125,0.18295418375777842,1.0
1.7281233223786094,-0.89709903723226,0.0
-0.5591035421458002,0.5923466181672312,1.0
-0.31089935247289247,0.9353195561296164,1.0
-1.5147877693668939,0.07509702088054045,0.0
-1.102328565813742,-0.8330033369942995,0.0
-0.39777227640164525,0.3214247199730008,1.0
-0.4765546925014182,3.4438775277682208,0.0
-1.5433126309087188,-0.42060055012303155,0.0
-0.6733720130331508,0.4650460783729639,1.0
-0.14810130413603698,-1.4920369024175546,0.0
1.5613242412323056,0.6026407635635908,0.0
-1.1170344682402356,-0.3045665712166247,1.0
-0.29002698300486335,0.8487461904560729,1.0
-0.07946374333380093,1.660271849986343,0.0
-1.947838602264209,-0.5166980272159909,0.0
0.015258591628955681,-1.6258496462934566,0.0
-1.7181621191479948,0.4769677992465577,0.0
-0.18481356064488,-0.39634597750857553,1.0
2.140520253512946,1.1158374214612585,0.0
0.0009794361321468657,-1.1204296856202374,1.0
-0.7064496192323529,-0.3482849427885352,1.0
0.2698695845545764,1.082247740284768,1.0
-0.16378559352820132,-0.5967713289582569,1.0
0.7585361036752399,-1.5383397786107194,0.0
0.28846564076214637,0.2773080810762438,1.0
-1.7192158570473257,-0.4080961650145528,0.0
-1.3884639808131867,1.6940416509299938,0.0
0.28402631182933674,0.0677817990562162,0.0
1.0874440404740142,-0.6307724980411676,0.0
0.636176655631426,-0.8435187762811952,0.0
-1.0042054787948806,-1.7848445344308823,0.0
-1.102350434283836,1.527244060831494,0.0
-0.4437874477308378,-1.5153691578656643,0.0
0.4534764999188907,-0.6270516009577692,1.0
-1.7101216970833815,-0.16256795569198867,0.0
1.4923939625339684,-0.5383546260708367,0.0
-0.5707477932822734,-1.0448105669434784,0.0
0.9639873193069759,1.0230602526410562,0.0
-0.00755911320341016,1.4026725475937072,1.0
0.21478094152916913,0.2519986528469762,0.0
0.5707346017291175,-0.3336074914680066,1.0
2.357321549330731,-0.48875958638645267,0.0
1.1700785004668808,-2.048130209792828,0.0
-0.45920204125393366,-0.7385319196334977,1.0
2.3541730810707935,-0.14972356196225142,0.0
-0.2122383163652343,0.46358232296455004,1.0
-0.5080345307911989,1.5486494132908397,0.0
-0.9797648773330674,-0.1607895811977177,1.0
-0.0007545079825859602,0.4854407733893594,0.0
-1.0820071368234083,-1.2802662292716889,0.0
0.8664243706863175,-0.28985977017413805,1.0
-1.2017983554479197,-0.0481777553172384,1.0
-1.100983200746726,0.15777246310043858,1.0
-0.7358982514255212,-0.6321489160973092,1.0
0.2971635140300389,-1.6614500613571088,0.0
0.8818656921133793,0.3180636007885274,1.0
0.8522888527599305,0.04057670885862487,1.0
0.033131025289658125,-0.22707733572810726,0.0
1.2340715781463838,-0.4911144202647269,0.0
0.9455652982953437,0.39680565871558265,1.0
1.1410870163293574,0.8779340449142194,0.0
0.481297865959297,0.16141841729410947,1.0
0.09912620603008546,-0.9115891420563113,1.0
0.4663855431948617,2.006382274191518,0.0
-0.5749994621482055,0.30019738949700236,1.0
-1.1463251576102074,-0.38589718799803624,0.0
-0.19040054146555804,-0.7939138079646159,1.0
-1.025910141930971,-0.3295003674137886,1.0
0.8639252437777375,0.5952566498757772,0.0
-0.8213617000193996,-1.3073258818641316,0.0
0.08645679804085006,0.8025987036591459,1.0
1.6410841136540186,0.3660768350466973,0.0
-0.24367294862037622,0.4349641212628576,1.0
-0.7717895248416393,-0.80368302231589,0.0
0.5692700747845577,0.44499561450146446,1.0
-2.259431096842164,-0.06617338718696332,0.0
-2.1862030102519503,-0.49686294320055313,0.0
-0.4591181315930341,1.6396867672928574,0.0
0.15117687307000593,-1.1967174892394303,1.0
-0.8088876111383653,1.2812660258226143,0.0
-0.5022595780996446,-1.1648953775586253,0.0
-1.1369375836124733,-0.4606606060339972,0.0
0.17930352352679252,-2.365529936416601,0.0
-1.4496518047325297,-1.0550215242847178,0.0
1.9848967519479088,0.4578723765078241,0.0
0.4936196099886552,0.05627021648521049,0.0
-0.6149787035204789,-1.1361667325584592,0.0
-1.6128833938222784,-0.9489804094033506,0.0
-0.9611120430160163,0.5814268321763102,0.0
-1.1188652705763444,0.06576873808227211,1.0
-1.0494439462680039,0.9456359027487777,0.0
0.5075645863039977,0.31428255328189464,1.0
0.2410874039120942,0.749385852953378,1.0
0.6144912350080048,-0.3172318632754932,1.0
1.5548395859244943,-0.7859008606505724,0.0
-1.4486546532151516,-0.11878218129855912,0.0
-0.19552263399392034,1.9571636996953055,0.0
1.799508609809389,0.32995260350242384,0.0
-1.7429833303563742,0.7792430249426053,0.0
0.3419024010098149,0.05200080279661116,0.0
0.5056768386789862,1.4401127719221964,0.0
0.7788396863994868,0.1875271817200311,1.0
-0.94120409356526,0.17480942013279765,1.0
-0.673033657489304,0.5216812009800449,1.0
1.1216375901406668,1.2330618403540226,0.0
3.548792944048814,-1.33391593390729,0.0
0.06276847952106081,1.0021637902671785,1.0
0.6629839683497611,-0.7190001651568014,1.0
-0.428695236616763,0.08023314443075366,0.0
2.3571761311448056,0.7397273926612684,0.0
0.14874182111212814,-1.157751825198816,1.0
-1.0071123619362463,-0.9949193096565493,0.0
0.27119348822888545,-0.34462565925110067,1.0
0.3602092726540138,-0.15096809126399377,0.0
1.4567515314585224,-0.49374646739368855,0.0
-0.03296385444288392,0.9875703326763752,1.0
0.2041793549183312,-0.9610014106036806,1.0
-1.8915896219570865,0.5367127772958705,0.0
0.12523208523969726,0.2636052442506534,0.0
1.1718235397422736,0.07233465009705643,1.0
0.21735253145347697,0.2341461307214383,0.0
-0.6857536951313573,-0.631390775713764,1.0
0.40884471496182934,0.42898704782489677,1.0
0.006143735010242995,-1.755484751875324,0.0
0.7158071502292215,-0.1275610543606039,1.0
-1.1359929406650606,1.5348537461441045,0.0
-0.7253806700383552,0.4978113458482944,1.0
1.4713636725234007,0.8590424256628125,0.0
0.2837470443614316,2.1769342815313917,0.0
1.0166018460647837,0.938904429781974,0.0
0.13038788822666786,-0.5993957290931138,1.0
1.2531832490877417,-0.9349495251087335,0.0
-0.45504385722758317,-0.46749713982705515,1.0
-0.12895633520696104,0.9085286080999657,1.0
0.4066441924275501,-1.1072863350461424,0.0
1.71394549272527,-0.5226325593156925,0.0
0.4135723028571918,1.0140032765938034,1.0
0.12131177239671657,0.2917642577756985,0.0
-0.7773014593325088,0.21656200769743672,1.0
-1.1898606272821348,-0.42370325406546805,0.0
-0.1925832146777557,1.7326655336685721,0.0
0.040474714757631085,-0.4532011083794563,0.0
2.1091375106040298,0.38828162648760056,0.0
-1.9288949845843326,0.25972726460925494,0.0
-1.0580964152456152,-1.7345663047788813,0.0
0.43409545489913665,0.03186893279344064,0.0
-0.745558745121913,-0.20155033043407797,1.0
-0.9575769353859034,-0.2690155692346314,1.0
-0.8134127895768019,-1.8231264964250513,0.0
-1.6244954069705426,-1.0277132199528467,0.0
-0.700920707431284,1.2133402008544625,0.0
-0.485116929634174,-0.4414224728013819,1.0
-0.8937555248705765,1.0466845610363693,0.0
0.9790086658512964,-0.5555565617288716,0.0
-1.2132050757116861,-1.6316295110678685,0.0
-1.8837625127522255,-0.619648503952011,0.0
0.3186823045817898,0.21305487689081062,0.0
1.267005368580991,-1.1182401345012352,0.0
-0.050914497335972995,-0.6681187570764443,1.0
2.138089514025914,0.7073164060474746,0.0
-0.11526772031745249,-1.1231350677210803,1.0
2.0670589314094516,0.40860052745273456,0.0
1.4866352933778288,-1.4325190917271167,0.0
0.14128362868557368,-1.1671719485724286,1.0
-0.02074531426063731,-2.484396264216708,0.0
-2.460659127422317,-0.8521107560470547,0.0
-0.8795810557235532,0.3995393365393668,1.0
1.3420833676236714,-1.010177377987455,0.0
-0.15263657046680976,0.8886449416566924,1.0
1.1850634698578317,-1.221735599757889,0.0
1.1542375404351715,1.450619705184236,0.0
-0.009384277914374833,-0.18289425513567475,0.0
0.3111127072475845,1.1650004033835393,0.0
-0.840139003260408,0.6088924581360019,1.0
2.3310114854440926,-0.8230427602572267,0.0
-0.4113459979978136,-0.25993710928842606,1.0
1.1436633367396574,0.7827714674366464,0.0
0.16172926355696707,-0.046775993653189116,0.0
-1.964152620676079,0.5802867043249236,0.0
0.34990232397376736,1.5955644518452847,0.0
-0.6724821487816309,-2.219091547492276,0.0
-0.5066293569620978,1.7556379923534695,0.0
0.38232560813760497,0.1958819134376129,1.0
-0.48986023396422046,0.9916684045814786,0.0
-1.0134254294892406,-0.4294314002568688,1.0
0.027685819139435543,0.22381069833348904,0.0
-0.3914958720173542,-1.3215825536964043,0.0
1.9700920093013687,-0.987421975731094,0.0
-1.8631885926728906,0.18215883042596315,0.0
0.2791688045063103,-1.214268489187466,0.0
0.7021096364017817,0.3623984180603342,1.0
0.8577003545922436,-0.9464162342272031,0.0
-1.3360923253477275,-1.055881170523583,0.0
-2.6618838689401536,0.4654300550441724,0.0
-0.2776363072584076,1.4431042074044884,0.0
-0.47120432675576485,-0.7022266833232306,1.0
-1.2989024336439248,1.2670319588142607,0.0
1.2566669315538637,2.5065187249200234,0.0
1.9167973402318443,1.3246817011106948,0.0
-0.9874918087062625,0.6748803169068102,0.0
0.7328025547870272,-3.1505590065663083,0.0
-0.04082871452375179,-0.9892204166707032,1.0
-1.137238045181593,0.7556172338647518,0.0
1.301637379775685,1.2764229806134209,0.0
-1.0358172310513754,0.19200473320998682,1.0
-0.3845488665416503,0.441783640646414,1.0
-0.5103386551028293,3.189244313920385,0.0
-0.49128885252739873,-1.78569984381096,0.0
-0.38640040167194983,-0.9395636773978618,1.0
0.6600688687615561,-1.5804983113629363,0.0
-2.0551543643513477,0.5727674670350731,0.0
-1.5519762790318483,-0.8899601349682278,0.0
0.22970699331052433,1.2413205917988657,0.0
-1.1543534390034282,-0.06999937094293068,1.0
-0.6785469548359638,0.7626170885435068,1.0
-0.9403042273073384,-0.11632434489861775,1.0
-1.1011741643665771,0.6579012734417873,0.0
-0.3935760205104355,0.23010378721657151,1.0
0.2247589551887687,-0.172016431983563,0.0
1.2360401992695786,0.813787190492845,0.0
0.2098142795687378,-1.0788895143668686,1.0
1.6450841077713418,-0.34662028870264866,0.0
-0.6296775049069377,-0.4046928530134359,1.0
0.29542876600078427,0.6148858956167944,1.0
-1.419643753732874,-1.0007948122041028,0.0
-1.386028906525361,0.2881480023545868,0.0
-0.6957306869644961,0.5776794686151179,1.0
0.9867026873612287,1.4297984519265199,0.0
0.6306361810729666,-0.34934219190500176,1.0
1.2548900662723792,1.1670689324767816,0.0
-1.8146526889100378,0.0940064042339606,0.0
0.38899649442113493,-0.15724938260444712,0.0
-1.6037336949089196,-1.2932781457512383,0.0
0.6342354519469899,1.4228499942830135,0.0
0.27025187240004134,0.03276995836095023,0.0
0.27126040243605026,0.41320799121748103,1.0
1.335737726374673,1.2746133235396926,0.0
-0.33924549728540554,-0.9255958803786748,1.0
0.2093392863715667,-0.7660667844425793,1.0
1.1502387495618527,-0.494347792885557,0.0
1.7472620186202743,0.6698210829775253,0.0
-0.8357056500281194,-0.5538773814469371,1.0
-0.8845000600472821,-0.9063812987290195,0.0
-2.135644239837087,-0.10592322351118638,0.0
-0.3246993666898319,-0.42645362348030386,1.0
-1.269602256089347,-1.7556668454067665,0.0
-0.39430076114588664,-0.5437669953478631,1.0
-0.41718530744966387,-0.01955431226559624,0.0
0.478493092095645,0.10613513163875439,1.0
1.858186045558619,-0.12551864683515268,0.0
0.6264292381778334,-0.3510626354781609,1.0
-1.6469385770408425,0.3069305031123386,0.0
0.44001862805275654,0.9371422394649354,1.0
-2.023585592124426,-0.46959811407740853,0.0
0.8512949531495718,-0.725278897928179,0.0
-0.39611964169772107,-1.1522386254612327,0.0
1.1352713500699936,-0.32964460412127644,0.0
-0.14380731404131342,-0.9905142710240559,1.0
0.37653921511718785,-0.7465212616331697,1.0
-0.9701710554755846,0.9794620988168895,0.0
1.3996987005242543,-0.13230026495806055,0.0
-0.8191998500567184,-1.5322399460186482,0.0
0.26844454372370286,-0.9428871339800385,1.0
-0.2306867325389365,0.4699215325977132,1.0
-1.1624040610421675,0.468916211207376,0.0
1.7849671849882935,-0.6393790604656167,0.0
0.02386619400477388,1.1335566655691636,1.0
0.41144294680339843,0.9981865956727788,1.0
-1.211338589586433,-0.5227453870704116,0.0
0.24795743925096744,0.37400108939822035,1.0
-0.4962723685630096,-1.3013109288022697,0.0
-1.2496966360701718,-0.4166696530739872,0.0
-0.573697242115264,1.0954394052362624,0.0
-0.04694262093229777,0.19066686282438947,0.0
-0.3501895548787117,-1.345143520537736,0.0
0.13319624832468283,-1.518485943002883,0.0
1.6908915953504673,0.9959379131436117,0.0
-2.023215551198088,-1.2681060050137323,0.0
0.04795832672285963,1.0071116445874049,1.0
0.22219071774987775,1.1745236248648327,1.0
0.603077033642745,-0.9294884825692717,0.0
0.3800135785674608,1.277695814938115,0.0
-1.214230878630924,-1.1863070432133866,0.0
-0.6088148920668357,0.2014715436456137,1.0
-1.4930766138651992,-1.1879626518619268,0.0
0.5415177408860107,-0.32519697024942806,1.0
0.419612970580828,0.39345103737746295,1.0
-0.41421810050479685,1.2036799703338694,0.0
-0.15797165457063547,1.1986905276177977,1.0
-0.6418753547314795,0.5156122874969558,1.0
0.9176518081711734,-0.8346256202763931,0.0
-0.5533658918363039,-0.13896780811652215,1.0
-0.3061052011217024,-0.7161290324966942,1.0
-0.44686506509918233,0.07671889265926733,0.0
-1.2002820869715107,-0.6189804692567503,0.0
0.2682424020293443,-1.882990793062725,0.0
-1.5254007341955742,-0.3712584327151145,0.0
1.8895505475278365,-1.1047259906235938,0.0
-1.373091188275379,0.6778975064157194,0.0
-0.4850223967178698,0.23092677444699086,1.0
-1.2054999010074023,0.28219937011693513,0.0
1.179737428909571,-0.7120485466246227,0.0
1.6086240004947983,-0.009568456620244971,0.0
0.4661759854276755,0.817174015197628,1.0
0.9736557556587618,-0.6298453439266986,0.0
-0.7780117375514592,0.04431723090097465,1.0
-1.4230812542304723,-1.2753819177275272,0.0
-0.11391261654699028,1.3347886752772695,1.0
1.3957940810827023,-2.7649979880346764,0.0
-0.27155667991273064,-1.541948264406766,0.0
-1.267816917694024,-1.4011461350089438,0.0
-0.15147455157798007,0.7055820008186595,1.0
-0.7981311462234245,-0.7693533666762779,0.0
0.19672671911767442,-0.5661438254209783,1.0
0.771776623004442,-0.7133981241422088,0.0
0.7734825940399737,-0.890670434134025,0.0
-0.05828903485513716,-0.2386067751001813,0.0
0.9103514460011651,-0.575381802916461,0.0
-0.3602356884196973,-0.552897985568058,1.0
-0.915400444800133,0.12132256008420018,1.0
1.0800333083895588,1.5655058064400746,0.0
-0.5082510971780375,1.2637672037058052,0.0
-0.7167704498659704,0.8898690473523803,0.0
-0.718174914734211,-1.228259742203401,0.0
2.805308281907388,1.315383105089922,0.0
0.40692630534279306,-0.5883721719253987,1.0
1.4554919757883795,-0.7974885696320193,0.0
0.059814743701617094,-0.16000590199423004,0.0
0.12068513544206556,1.286620693966771,1.0
1.9701596890593849,0.6266160191915975,0.0
1.1680454878396223,1.9178444256793172,0.0
-0.7804710362778711,-0.2524444756611221,1.0
-1.039784735266064,-2.2419265148760443,0.0
-1.3130045216949808,-1.1516583110976966,0.0
1.1522161218446034,0.8273546809888703,0.0
-0.1333260892323107,-1.0984994723532895,1.0
0.0025231566265018672,-0.651673305367778,1.0
-0.7669566028820982,-0.1199609630012099,1.0
-0.7818310104490318,-0.6986602795814436,0.0
-0.058439005962707416,-0.19250364698553193,0.0
-0.6691647073776636,-1.2008602174112146,0.0
-1.994707252354842,0.3932783811462503,0.0
0.10763033765592352,-1.9113766605115845,0.0
-0.5983379469540756,1.7403796966657703,0.0
0.7134288245972809,-0.8639696819178794,0.0
-0.22141979795880593,-1.1139616767762588,1.0
1.0931207208861233,0.29106785234211857,1.0
0.5588083014899157,-0.6753225814289606,1.0
0.6932367560099721,-0.7192538774860657,1.0
0.36498185895052104,0.3678503667543736,1.0
-0.10943013363918686,-0.6474685096938593,1.0
-1.5267277377817758,0.45248893620187175,0.0
0.09888008889212152,-0.04362719622045326,0.0
2.024126126889283,0.13510273616515905,0.0
-0.8055461132982706,-0.03234760196634159,1.0
0.5540858375045787,0.5175574811487407,1.0
1.1561889093604831,-0.037845011007381316,1.0
-0.9972888450571302,0.9755061906259342,0.0
0.6714781028586663,-0.6488276675007916,1.0
0.12454141307207056,1.5879080634245466,0.0
-0.7524625828072867,-1.2636611346747368,0.0
0.07428396320890207,1.3212785450539517,1.0
1.3780479180608955,-0.6553512483017252,0.0
-0.5576199901970451,-0.35582542614662915,1.0
0.456098956630051,0.022546483422227575,0.0
0.13839759245948124,-0.36584843058959815,0.0
-1.3923819384367468,-0.8498482090317652,0.0
-0.9873743112916937,-0.9722010481222112,0.0
1.1035538198571813,1.1981230261613294,0.0
-2.0270404599912077,-1.1646186038794912,0.0
-1.5065844539615025,1.013338950487507,0.0
0.058229244002071745,-0.9784748124132959,1.0
2.2373424560443245,0.8272499983597685,0.0
-0.6189611133910178,0.9975663052499637,0.0
0.20367346453780694,-0.7100196004301523,1.0
-1.61535977811124,0.7654643263899912,0.0
1.1764800457212552,0.4838345356671852,0.0
-0.19408244587337317,-0.05065718879722739,0.0
-0.16369388222527098,1.141372619644864,1.0
-0.16269289295524747,0.5478952115064043,1.0
0.4041350099846281,-0.24135971008674914,1.0
-0.06136909213176852,-1.299441179136422,1.0
0.17807956567616132,0.43083705685411483,1.0
0.8558974233317694,-1.5330300836426578,0.0
-0.18720654270120596,-0.5279935077275562,1.0
0.9478723649115696,-0.5834489051673307,0.0
-1.1466555588321625,0.014044265684994109,1.0
0.1346645004589,-0.4674713022648957,1.0
-0.11467450482513564,0.7462103507154987,1.0
1.0754787294748338,-1.4128119490161555,0.0
-0.3425329956088553,0.3056481201359365,1.0
-0.6245733824960734,-0.23204970927764149,1.0
-0.5222266555026027,0.26402796689426766,1.0
0.5255835990941403,0.33523686700819244,1.0
0.19076385106895521,-1.2443966942250646,1.0
-0.8394043138273761,-0.1525074982480321,1.0
-0.006071012167425508,0.41042757218031767,0.0
0.8875022917234012,0.5437091066827079,1.0
-1.2950763294395997,0.44412526620255605,0.0
0.18008577048149424,-0.18708145297113993,0.0
0.6367335712894281,-0.5705554276443164,1.0
1.9995038803403027,-0.5087128152244709,0.0
-0.6468028743521462,1.5739952601376896,0.0
-0.3607860938579262,-1.7003177402181722,0.0
0.4369610788438957,-1.4365838656768017,0.0
1.1429426985860658,1.2604205915084967,0.0
0.2951878273434439,-0.1741520663472085,0.0
-0.6655358583247395,-0.6787524764574997,1.0
-1.0559757272466044,-1.1500836033483557,0.0
0.11192297517748809,-0.49840320757000584,1.0
0.6082647107658947,-0.6832857869050905,1.0
0.10116306065653836,1.623238233207883,0.0
0.1391837927158922,-0.8761047063579857,1.0
0.23543368946868823,0.6437343487037278,1.0
0.6085745203849102,-0.43727586293289655,1.0
0.17602454977921497,-1.7907353414302591,0.0
1.0020129651455394,-0.043476374472606785,1.0
-0.7868925669330283,0.2407070982672571,1.0
0.6316487061459224,0.5581248422672216,1.0
-2.5820304916405696,-0.7590810073400153,0.0
2.1418875505694417,-1.4475821058448077,0.0
-0.30735493206891445,0.9489769390837716,1.0
1.70065003057427,0.7871983838037836,0.0
1.7139869526657334,-0.3935629953313371,0.0
2.904122610328449,0.2936730229028515,0.0
-1.3298776506478238,-1.2756134438768578,0.0
0.26227321338982434,0.5038147067449028,1.0
-2.035524615331071,0.9997345165295565,0.0
0.7130397689474134,-1.9734595097309378,0.0
0.7720083340294825,-0.2083175989249884,1.0
0.17772273443640918,-0.8277638889508885,1.0
-0.03277459050892689,-1.101181825019956,1.0
-0.876974916008354,0.007489981630981173,1.0
1.3755005631830175,-1.9175374575660098,0.0
-1.6806105974980747,-0.16802815924396183,0.0
1.6043057147833049,0.28999301328701277,0.0
-0.3830602425698763,-0.8558411483635155,1.0
-1.9353186299135905,1.12871164457339,0.0
0.13844720087688156,-0.12548376150526286,0.0
0.7580386354801698,-0.7180163603251917,0.0
2.6022347595923323,-0.7038651838550679,0.0
-0.6565425795479713,-1.8598467498254334,0.0
0.19085857343236176,-0.6209348566176035,1.0
-0.8802225415630984,0.4854602451004357,1.0
-0.5592661780164544,0.369313464739581,1.0
0.546848044879476,-0.3865529703994491,1.0
1.5204057028009197,-1.411413456537494,0.0
0.7114086393289264,-1.559952872217722,0.0
1.2795829669497896,-1.6341813343794835,0.0
0.5638617836820433,-0.5737036870753004,1.0
-0.7612676722418038,-1.5714843105047545,0.0
-0.8529431410901633,-2.4202917741242223,0.0
-0.3282060737363034,0.5196609449931262,1.0
0.22850186987475762,1.585182487594213,0.0
-0.10292809619162542,0.7281668699803973,1.0
1.1525277859934118,1.674995559314973,0.0
-0.5396501136633336,0.09787115182939578,1.0
1.366404109140991,-0.5637463459456409,0.0
0.9703705036065807,-0.15654143257822764,1.0
-0.71752012755455,-0.13796022424719873,1.0
-1.5548326902999379,-0.5568828269218669,0.0
0.3221466298263074,-0.5848539981139912,1.0
0.319155213698088,-1.2845693235409148,0.0
-1.7835303700810143,0.1592629227766843,0.0
-0.019666242192138427,-1.1110560525080986,1.0
-1.9255746541690613,1.3726837872844686,0.0
0.5594366025607441,0.2516708954847315,1.0
-0.9405279755755891,0.08184866365414521,1.0
0.4202837050411228,-2.818916696935606,0.0
2.5165841828023656,-0.8535921007446842,0.0
-0.5279055629685234,0.9884114379761255,0.0
-1.0018250648719085,-1.3284631489003897,0.0
1.542465366476724,1.2117761283916342,0.0
-1.829091309886795,-0.23622206047250122,0.0
1.626358258485819,-2.050470657509982,0.0
-0.7341193343370631,-1.406818845817772,0.0
-0.6543264772124423,-0.4068061311444527,1.0
-0.5723645705795358,0.62174785547596,1.0
-1.1730084277618158,1.152928078620239,0.0
-0.04988290542966706,-1.5607351027817042,0.0
-1.4776850630207732,2.2417393546645346,0.0
0.5128553392475711,-1.699821221728469,0.0
-0.6267903133267858,0.4950868228226583,1.0
-0.5229581382890757,-0.70505475237801,1.0
-0.6686646076841714,0.3469667235346494,1.0
-1.118389988030656,-0.033747937307037346,1.0
-0.7743196474354065,0.6387777707810962,1.0
1.0724868988996612,0.16238416644775563,1.0
0.6544058591273041,1.5613346310382357,0.0
-1.3644327970773826,0.23392361032917122,0.0
0.480911387747191,-0.5781756473531763,1.0
0.7307151270236109,2.022109735640859,0.0
-0.5109881541907683,0.3394508819591534,1.0
-0.4338555760377504,0.9017547125373798,1.0
0.7893914759283543,-0.6737142564575576,0.0
0.6361481906366536,-0.8716442184563491,0.0
0.20726396791246204,0.5782510195699485,1.0
0.18367373090108657,0.31246220883389697,0.0
0.22078038627410934,1.1022056416195591,1.0
-1.4269242190659128,-0.7065344972032449,0.0
0.35959807176766895,1.2809561798729812,0.0
1.4953649977488157,1.4379123392979558,0.0
-0.669207921981701,0.44744902012486576,1.0
0.5227456887245211,0.08956713014553687,1.0
-1.0310455006075168,1.1671359105506938,0.0
0.07393421792606682,-0.14083422466975584,0.0
-2.3449334393146497,1.0809165677993706,0.0
-2.7598439459453816,-0.543228920940706,0.0
0.5728210706665857,-0.928640452114761,0.0
2.4667155402355947,-0.9018127514060847,0.0
-0.20236194931161366,-0.8630008602971738,1.0
-0.25285751013246427,0.18165838413886706,0.0
-0.8020937372787466,-0.8444831835370563,0.0
1.3651540962935413,-0.9155050301132337,0.0
0.2511779303362139,-0.1566018961458293,0.0
0.6280412754982951,0.6988098177604395,1.0
0.9514523547349149,1.714702347636768,0.0
-0.19080677970020207,-0.6970141923618295,1.0
1.0046281912680888,-0.4216969202648044,1.0
1.2127494181021885,0.10605809322436638,1.0
0.5193768016867416,-2.5717516624756973,0.0
-1.3534309139311258,-0.23302338495028113,0.0
0.48401731563294415,0.9380064904304021,1.0
1.0558831564782125,-1.7544311111429636,0.0
1.200833165153936,-0.11108575295099797,1.0
-1.2120606547683834,-0.7104152917341322,0.0
0.3579068841914395,1.5664478364572598,0.0
0.5157791059784855,0.8555397399565804,1.0
1.219081592796928,0.8654694969976519,0.0
0.9274773121928505,0.07689635741267466,1.0
-0.5278584035706643,-0.22198379472241922,1.0
1.3789149756321593,0.6332134088969373,0.0
-0.4921374215070934,-1.119618329785243,0.0
1.4851676044614137,0.8706408543985511,0.0
0.3729383994220009,-0.32284651451876123,1.0
-0.7597671309278858,-0.22898703271713322,1.0
-0.6119578961518369,-1.1167403842914327,0.0
-0.29215252321593976,-3.1190776313124586,0.0
-0.3435690600471118,-0.623033913709952,1.0
-1.0324930075497227,-0.6489791715995838,0.0
-0.9443749037232108,-2.076557122700445,0.0
-0.6720831653658146,0.5038647791360963,1.0
-1.0364035551279391,0.11969212790095478,1.0
1.826462046605898,-0.22065526218422007,0.0
1.4740373247577403,-0.36637589515712654,0.0
-0.8675928743184681,-1.0604960570798208,0.0
-0.09845882726732039,-1.4734057232923037,0.0
0.2832723879475474,-1.469213512417204,0.0
-0.07896211571194436,0.43079403397926824,0.0
0.44834633113470684,0.3401596544776161,1.0
0.27023273909897755,0.03968260816987561,0.0
1.060720721070464,-0.11643425517598638,1.0
-2.060519470411757,-0.9153611036197822,0.0
-0.43909874234981267,-2.683657145054838,0.0
0.45699709045701487,1.0546678342056424,0.0
0.15757292554245525,0.9641602605829024,1.0
-0.14704496566281477,-0.5379863323746346,1.0
-2.281097648851713,0.9995426924410832,0.0
0.7009918547403813,1.5427960855001697,0.0
0.3677665528182194,0.4618601338111014,1.0
2.461860023926699,2.1965043153027364,0.0
1.9224401393008668,0.7546540086887767,0.0
1.47535103132445,0.1650413149278188,0.0
-1.5389375317762337,-0.6431486362916329,0.0
1.6513962914611602,-1.7205560865909428,0.0
-0.46053005534798697,0.0937415351262303,1.0
0.27495140282154773,-0.3595050517599756,1.0
0.9344745328885291,0.6910141086288056,0.0
-0.022923042102309353,-1.1323794044967814,1.0
0.1086473779677354,-2.5609963570055676,0.0
-0.19907414850780886,-0.007197456816679387,0.0
-1.6485965859160816,-0.405953370325556,0.0
0.32322930342902606,0.5653235579061741,1.0
1.0876370078238615,1.4056779043479042,0.0
0.09896958483587491,-0.592830536005341,1.0
0.8993947280007039,-1.6622551393430012,0.0
-0.6421078508009181,0.40606613225964405,1.0
-0.20957321196993606,0.30866552198168645,0.0
-1.003144238211772,-0.8235421859805759,0.0
0.476725532815747,-1.4665917620581301,0.0
2.6147934558357093,-0.7283096460936442,0.0
-0.6837407687238161,0.7071072087880228,1.0
-1.5289005711017856,-0.3515882944641746,0.0
-0.42907084630354403,-2.1209352050354076,0.0
0.5375675403620684,-1.0259299069768015,0.0
-0.7599231472035434,-0.8821898285250998,0.0
-0.8798539216398061,-2.2522820358571214,0.0
-1.601387855203935,-0.5392583434770061,0.0
1.8973363209202552,0.4301447146865831,0.0
0.25520452161935436,-0.7138701226795552,1.0
-2.108056994054799,-0.030816818231027894,0.0
0.17903595083660373,0.9027962472616701,1.0
0.043546733574555206,-0.634531046341949,1.0
0.06623976752143503,0.7767629817772147,1.0
-0.5188767714915239,0.5952385368576868,1.0
0.01828353267447476,0.743639401799864,1.0
0.17877133410022578,0.37079132582936175,0.0
2.24137033053727,-0.7039548703049081,0.0
0.9291008553895735,-0.6734536531554403,0.0
0.5168912079348448,0.19421474164144104,1.0
-0.004530752460492594,0.4602334611483761,0.0
0.42133418810021883,-0.41021251880795556,1.0
-1.480517420507863,-0.4650734333436372,0.0
2.2587389554997106,-0.4696527176487927,0.0
-0.07202106043950872,-2.183877261951839,0.0
-1.9626633495354238,0.21597632378217524,0.0
1.6486790537991889,-0.3821340154727091,0.0
1.68548189468183,0.8336925266363446,0.0
0.23434340614947574,1.1368345467705814,1.0
0.5593699782342585,0.5072448806585712,1.0
0.4688743205704686,-0.851188003685955,1.0
-0.824675285463432,0.17277375351514157,1.0
1.8287432662742404,-0.5543373498063127,0.0
0.8878381061456131,1.4391882979939223,0.0
-2.13751976854459,0.11054332933175709,0.0
1.6383776035406843,1.6037888059458736,0.0
-1.7486120416298172,0.3811594546411619,0.0
0.7290097739334476,-0.160393061244048,1.0
-0.7764158841576962,-0.547084809249531,1.0
1.23514988120627,-0.29348584412589357,0.0
-0.8129742341763964,0.895821479081937,0.0
0.2337135356331166,-0.27546867824633914,0.0
0.5301352547537838,1.1541533286362622,0.0
-1.8104581826633046,-0.8590714127838165,0.0
-0.6913907209223776,-0.06815318278613872,1.0
0.5855347551153111,0.41378667781105166,1.0
0.6915520961538849,0.23089468172441183,1.0
1.0354718698808034,0.831771967873614,0.0
-1.1413487963228814,0.6853244072576853,0.0
-0.3088238810122237,-1.177128416524207,0.0
1.488702155662224,-1.4704180048460311,0.0
-0.5184759217499927,-0.040015914499520744,1.0
0.008100682527058999,1.360720164260572,1.0
-0.03777102720204805,0.38487734885841646,0.0
0.07654453702587412,-0.30149664918333857,0.0
0.8049851903345202,0.6838143610153772,0.0
0.18622055378491234,1.256053954529917,1.0
-1.0896508112975427,0.30931609332901944,1.0
1.718817560498615,0.9864685289604069,0.0
0.25403848772224014,-1.8147192874970395,0.0
