0,1,2,3,4,5,6,7,8,9,10,11,12,13,14,15,16
0.0,57.0,31.0,68.0,72.0,90.0,100.0,100.0,76.0,75.0,50.0,51.0,28.0,25.0,16.0,0.0,1.0
0.0,67.0,49.0,83.0,100.0,100.0,81.0,80.0,60.0,60.0,40.0,40.0,33.0,20.0,47.0,0.0,1.0
0.0,85.0,38.0,100.0,81.0,88.0,87.0,50.0,84.0,12.0,58.0,0.0,53.0,22.0,100.0,24.0,7.0
61.0,59.0,58.0,100.0,0.0,84.0,44.0,42.0,80.0,0.0,8.0,5.0,33.0,44.0,100.0,70.0,8.0
47.0,86.0,73.0,100.0,89.0,75.0,68.0,49.0,100.0,28.0,82.0,4.0,38.0,0.0,0.0,13.0,3.0
11.0,92.0,56.0,100.0,83.0,82.0,52.0,59.0,87.0,39.0,100.0,14.0,55.0,0.0,0.0,0.0,3.0
41.0,96.0,17.0,76.0,50.0,37.0,31.0,0.0,0.0,34.0,1.0,86.0,49.0,98.0,100.0,100.0,5.0
18.0,73.0,0.0,73.0,10.0,24.0,54.0,0.0,100.0,22.0,95.0,71.0,52.0,100.0,5.0,84.0,0.0
38.0,94.0,4.0,63.0,0.0,20.0,41.0,0.0,84.0,19.0,100.0,60.0,77.0,98.0,32.0,100.0,0.0
41.0,69.0,76.0,100.0,73.0,81.0,57.0,39.0,46.0,0.0,0.0,10.0,50.0,9.0,100.0,10.0,1.0
22.0,100.0,1.0,66.0,0.0,33.0,50.0,32.0,100.0,36.0,82.0,63.0,77.0,30.0,71.0,0.0,4.0
0.0,65.0,38.0,79.0,62.0,100.0,72.0,86.0,77.0,65.0,79.0,43.0,83.0,21.0,100.0,0.0,1.0
9.0,100.0,0.0,66.0,20.0,25.0,61.0,0.0,100.0,21.0,93.0,64.0,54.0,91.0,9.0,76.0,0.0
4.0,63.0,12.0,15.0,52.0,0.0,92.0,15.0,100.0,63.0,72.0,100.0,28.0,97.0,0.0,62.0,0.0
38.0,94.0,90.0,100.0,94.0,79.0,59.0,57.0,68.0,33.0,100.0,12.0,54.0,0.0,0.0,1.0,3.0
15.0,73.0,0.0,34.0,30.0,0.0,81.0,1.0,100.0,38.0,87.0,78.0,44.0,100.0,16.0,68.0,0.0
37.0,100.0,48.0,57.0,74.0,97.0,27.0,97.0,80.0,68.0,100.0,26.0,49.0,0.0,0.0,22.0,9.0
21.0,92.0,85.0,100.0,90.0,67.0,67.0,34.0,49.0,0.0,0.0,26.0,27.0,43.0,100.0,42.0,7.0
100.0,100.0,59.0,79.0,26.0,54.0,2.0,28.0,1.0,0.0,58.0,0.0,58.0,21.0,0.0,19.0,6.0
0.0,75.0,29.0,79.0,71.0,91.0,100.0,100.0,82.0,74.0,68.0,48.0,57.0,21.0,58.0,0.0,1.0
44.0,80.0,80.0,100.0,100.0,85.0,72.0,59.0,92.0,38.0,93.0,14.0,49.0,3.0,0.0,0.0,3.0
34.0,64.0,52.0,100.0,58.0,57.0,37.0,16.0,0.0,0.0,24.0,20.0,61.0,1.0,100.0,5.0,2.0
0.0,93.0,45.0,100.0,74.0,75.0,57.0,37.0,35.0,0.0,25.0,24.0,53.0,41.0,100.0,37.0,7.0
76.0,82.0,34.0,77.0,0.0,84.0,55.0,100.0,100.0,85.0,77.0,52.0,38.0,25.0,3.0,0.0,9.0
65.0,100.0,25.0,93.0,0.0,56.0,11.0,16.0,60.0,0.0,100.0,20.0,50.0,28.0,9.0,1.0,6.0
100.0,97.0,56.0,100.0,22.0,83.0,18.0,50.0,53.0,47.0,68.0,22.0,37.0,0.0,0.0,6.0,5.0
10.0,86.0,0.0,44.0,33.0,0.0,80.0,9.0,100.0,65.0,64.0,100.0,22.0,74.0,32.0,20.0,0.0
21.0,82.0,13.0,55.0,54.0,100.0,27.0,87.0,38.0,37.0,40.0,0.0,0.0,7.0,100.0,5.0,1.0
100.0,100.0,66.0,100.0,25.0,69.0,0.0,35.0,14.0,0.0,77.0,0.0,72.0,34.0,10.0,51.0,6.0
0.0,95.0,35.0,100.0,59.0,78.0,61.0,52.0,46.0,27.0,22.0,5.0,56.0,0.0,100.0,1.0,2.0
0.0,100.0,65.0,99.0,70.0,66.0,51.0,33.0,32.0,0.0,15.0,12.0,29.0,39.0,100.0,44.0,7.0
44.0,60.0,0.0,77.0,47.0,99.0,100.0,100.0,84.0,75.0,75.0,50.0,75.0,24.0,100.0,0.0,1.0
40.0,76.0,62.0,100.0,62.0,69.0,34.0,40.0,0.0,16.0,12.0,11.0,57.0,10.0,100.0,0.0,2.0
21.0,100.0,12.0,66.0,64.0,49.0,52.0,0.0,10.0,16.0,0.0,72.0,43.0,94.0,100.0,94.0,5.0
0.0,100.0,67.0,94.0,83.0,65.0,57.0,33.0,41.0,0.0,0.0,20.0,29.0,31.0,100.0,32.0,7.0
0.0,36.0,35.0,56.0,68.0,78.0,100.0,100.0,94.0,76.0,80.0,51.0,70.0,25.0,70.0,0.0,1.0
7.0,86.0,0.0,62.0,15.0,20.0,62.0,0.0,100.0,31.0,96.0,73.0,53.0,100.0,8.0,78.0,0.0
51.0,100.0,21.0,77.0,2.0,49.0,0.0,20.0,45.0,0.0,100.0,17.0,51.0,27.0,4.0,7.0,6.0
0.0,89.0,10.0,55.0,51.0,30.0,48.0,0.0,18.0,23.0,20.0,66.0,49.0,94.0,100.0,100.0,5.0
76.0,100.0,34.0,77.0,7.0,48.0,0.0,17.0,47.0,0.0,100.0,13.0,78.0,37.0,21.0,29.0,6.0
0.0,99.0,51.0,100.0,100.0,96.0,72.0,59.0,56.0,16.0,41.0,0.0,24.0,39.0,81.0,50.0,7.0
26.0,89.0,64.0,100.0,81.0,82.0,73.0,61.0,100.0,37.0,81.0,11.0,41.0,0.0,0.0,5.0,3.0
45.0,82.0,39.0,100.0,82.0,99.0,64.0,43.0,25.0,5.0,0.0,0.0,50.0,4.0,100.0,0.0,2.0
0.0,90.0,46.0,100.0,100.0,98.0,87.0,76.0,56.0,56.0,74.0,34.0,56.0,12.0,8.0,0.0,3.0
32.0,74.0,87.0,95.0,100.0,100.0,84.0,73.0,79.0,46.0,66.0,18.0,0.0,0.0,3.0,0.0,1.0
0.0,62.0,21.0,100.0,27.0,80.0,26.0,35.0,4.0,4.0,12.0,0.0,55.0,2.0,100.0,5.0,1.0
17.0,89.0,0.0,55.0,65.0,58.0,69.0,11.0,11.0,0.0,10.0,60.0,31.0,100.0,100.0,96.0,5.0
55.0,89.0,32.0,100.0,5.0,65.0,0.0,28.0,43.0,0.0,100.0,19.0,51.0,31.0,16.0,0.0,6.0
0.0,82.0,37.0,62.0,83.0,30.0,65.0,0.0,46.0,32.0,81.0,66.0,100.0,100.0,23.0,90.0,8.0
35.0,73.0,77.0,55.0,100.0,20.0,39.0,0.0,37.0,35.0,79.0,68.0,86.0,100.0,0.0,84.0,8.0
100.0,92.0,62.0,100.0,21.0,75.0,51.0,73.0,87.0,85.0,63.0,51.0,36.0,17.0,0.0,0.0,9.0
0.0,66.0,37.0,73.0,73.0,90.0,100.0,100.0,98.0,74.0,96.0,48.0,90.0,22.0,87.0,0.0,1.0
8.0,95.0,8.0,58.0,61.0,47.0,54.0,0.0,20.0,21.0,0.0,68.0,37.0,100.0,100.0,100.0,5.0
0.0,67.0,14.0,25.0,57.0,0.0,100.0,22.0,95.0,75.0,54.0,100.0,7.0,87.0,4.0,39.0,0.0
55.0,91.0,100.0,100.0,64.0,94.0,27.0,69.0,53.0,52.0,84.0,32.0,48.0,7.0,0.0,0.0,5.0
57.0,82.0,65.0,100.0,100.0,88.0,89.0,64.0,79.0,39.0,75.0,13.0,39.0,2.0,0.0,0.0,3.0
0.0,81.0,11.0,100.0,55.0,97.0,100.0,96.0,86.0,76.0,66.0,51.0,48.0,26.0,38.0,0.0,7.0
0.0,78.0,36.0,100.0,79.0,99.0,85.0,67.0,70.0,41.0,100.0,16.0,63.0,0.0,24.0,16.0,3.0
36.0,78.0,75.0,100.0,77.0,82.0,61.0,34.0,39.0,0.0,0.0,8.0,50.0,8.0,100.0,7.0,1.0
19.0,66.0,3.0,28.0,34.0,0.0,77.0,13.0,100.0,51.0,78.0,89.0,34.0,100.0,0.0,76.0,0.0
78.0,72.0,81.0,100.0,8.0,91.0,0.0,55.0,69.0,59.0,100.0,71.0,74.0,33.0,58.0,0.0,9.0
0.0,46.0,52.0,72.0,100.0,100.0,84.0,75.0,71.0,42.0,64.0,9.0,2.0,1.0,32.0,0.0,1.0
17.0,100.0,17.0,69.0,60.0,36.0,30.0,0.0,0.0,20.0,0.0,73.0,41.0,91.0,100.0,92.0,5.0
55.0,70.0,73.0,100.0,62.0,66.0,49.0,26.0,30.0,0.0,0.0,2.0,50.0,3.0,100.0,6.0,1.0
0.0,90.0,31.0,100.0,46.0,72.0,27.0,42.0,2.0,17.0,29.0,4.0,64.0,2.0,100.0,0.0,2.0
0.0,64.0,46.0,77.0,81.0,100.0,100.0,99.0,96.0,72.0,88.0,45.0,74.0,19.0,85.0,0.0,1.0
63.0,93.0,36.0,100.0,30.0,74.0,58.0,85.0,80.0,53.0,100.0,20.0,60.0,0.0,0.0,8.0,9.0
25.0,89.0,65.0,55.0,100.0,21.0,20.0,0.0,0.0,30.0,55.0,62.0,94.0,95.0,22.0,100.0,8.0
50.0,60.0,47.0,100.0,92.0,95.0,88.0,47.0,48.0,15.0,0.0,0.0,49.0,5.0,100.0,3.0,2.0
69.0,100.0,43.0,92.0,15.0,58.0,5.0,21.0,50.0,0.0,100.0,20.0,48.0,34.0,0.0,15.0,6.0
38.0,70.0,51.0,100.0,37.0,72.0,38.0,38.0,28.0,5.0,0.0,0.0,50.0,4.0,100.0,10.0,1.0
48.0,80.0,50.0,100.0,100.0,99.0,78.0,69.0,76.0,49.0,91.0,18.0,45.0,0.0,0.0,9.0,3.0
33.0,100.0,21.0,78.0,0.0,53.0,4.0,28.0,77.0,36.0,90.0,51.0,88.0,25.0,100.0,0.0,4.0
12.0,55.0,0.0,46.0,21.0,6.0,66.0,0.0,100.0,30.0,99.0,73.0,63.0,100.0,18.0,93.0,0.0
100.0,52.0,40.0,48.0,0.0,71.0,26.0,100.0,78.0,91.0,88.0,57.0,73.0,22.0,33.0,0.0,9.0
96.0,85.0,31.0,100.0,44.0,64.0,96.0,27.0,37.0,0.0,0.0,31.0,72.0,62.0,100.0,91.0,8.0
30.0,100.0,19.0,80.0,0.0,53.0,11.0,32.0,74.0,40.0,100.0,56.0,89.0,28.0,85.0,0.0,4.0
32.0,75.0,6.0,48.0,0.0,16.0,34.0,0.0,79.0,11.0,100.0,39.0,99.0,70.0,82.0,100.0,0.0
34.0,96.0,43.0,63.0,89.0,37.0,65.0,0.0,0.0,14.0,12.0,54.0,26.0,93.0,100.0,100.0,5.0
0.0,61.0,15.0,62.0,51.0,81.0,89.0,100.0,100.0,80.0,86.0,53.0,72.0,26.0,57.0,0.0,1.0
0.0,94.0,22.0,100.0,71.0,94.0,70.0,51.0,61.0,0.0,42.0,9.0,52.0,32.0,100.0,20.0,7.0
25.0,75.0,37.0,98.0,92.0,100.0,100.0,75.0,68.0,51.0,97.0,27.0,51.0,9.0,0.0,0.0,3.0
93.0,69.0,100.0,100.0,44.0,95.0,12.0,68.0,68.0,69.0,80.0,46.0,50.0,17.0,0.0,0.0,9.0
3.0,70.0,0.0,25.0,41.0,0.0,89.0,18.0,100.0,61.0,75.0,100.0,25.0,100.0,14.0,58.0,0.0
42.0,74.0,67.0,100.0,63.0,53.0,36.0,15.0,0.0,0.0,24.0,20.0,62.0,11.0,100.0,0.0,2.0
19.0,83.0,12.0,55.0,57.0,31.0,28.0,0.0,7.0,35.0,0.0,73.0,41.0,97.0,100.0,100.0,5.0
63.0,100.0,46.0,78.0,19.0,55.0,0.0,32.0,54.0,24.0,100.0,44.0,87.0,24.0,74.0,0.0,4.0
93.0,93.0,44.0,100.0,26.0,73.0,53.0,51.0,100.0,46.0,86.0,12.0,38.0,0.0,0.0,13.0,5.0
49.0,100.0,19.0,91.0,31.0,54.0,36.0,15.0,0.0,0.0,7.0,36.0,51.0,63.0,100.0,87.0,8.0
11.0,100.0,8.0,93.0,0.0,60.0,17.0,33.0,60.0,41.0,100.0,57.0,85.0,32.0,76.0,0.0,4.0
17.0,85.0,51.0,100.0,83.0,82.0,55.0,53.0,59.0,39.0,100.0,20.0,55.0,0.0,0.0,3.0,3.0
40.0,100.0,7.0,84.0,72.0,47.0,100.0,5.0,22.0,0.0,52.0,45.0,84.0,90.0,0.0,94.0,8.0
53.0,86.0,59.0,50.0,52.0,12.0,6.0,0.0,0.0,25.0,18.0,62.0,53.0,89.0,100.0,100.0,5.0
0.0,100.0,38.0,100.0,70.0,74.0,55.0,30.0,26.0,0.0,19.0,44.0,59.0,50.0,100.0,54.0,7.0
14.0,86.0,46.0,100.0,50.0,63.0,34.0,28.0,0.0,5.0,18.0,8.0,62.0,1.0,100.0,0.0,2.0
57.0,87.0,100.0,69.0,97.0,100.0,23.0,83.0,74.0,59.0,96.0,52.0,78.0,10.0,0.0,0.0,9.0
22.0,57.0,0.0,63.0,46.0,82.0,94.0,100.0,100.0,80.0,78.0,53.0,56.0,27.0,44.0,0.0,1.0
39.0,59.0,74.0,78.0,100.0,100.0,76.0,77.0,62.0,51.0,57.0,24.0,38.0,0.0,0.0,2.0,1.0
51.0,100.0,86.0,94.0,69.0,61.0,37.0,34.0,0.0,12.0,9.0,0.0,54.0,2.0,100.0,0.0,2.0
55.0,79.0,82.0,100.0,98.0,81.0,69.0,60.0,100.0,42.0,85.0,19.0,45.0,5.0,0.0,0.0,3.0
77.0,87.0,87.0,57.0,100.0,19.0,13.0,0.0,28.0,35.0,83.0,69.0,94.0,100.0,0.0,79.0,8.0
44.0,89.0,62.0,48.0,61.0,0.0,0.0,6.0,35.0,47.0,100.0,72.0,81.0,100.0,14.0,84.0,8.0
99.0,74.0,100.0,100.0,45.0,90.0,44.0,65.0,100.0,66.0,92.0,35.0,57.0,8.0,0.0,0.0,9.0
0.0,77.0,36.0,100.0,94.0,98.0,100.0,69.0,58.0,44.0,14.0,21.0,29.0,2.0,90.0,0.0,2.0
84.0,92.0,41.0,91.0,37.0,46.0,66.0,0.0,0.0,9.0,46.0,49.0,100.0,85.0,33.0,100.0,8.0
29.0,100.0,0.0,66.0,11.0,24.0,52.0,0.0,98.0,14.0,100.0,55.0,61.0,83.0,11.0,85.0,0.0
100.0,75.0,60.0,100.0,0.0,85.0,14.0,53.0,75.0,68.0,88.0,78.0,73.0,39.0,71.0,0.0,9.0
0.0,24.0,43.0,47.0,75.0,73.0,100.0,100.0,71.0,82.0,43.0,55.0,18.0,28.0,3.0,0.0,1.0
0.0,96.0,40.0,100.0,59.0,67.0,42.0,25.0,26.0,0.0,14.0,38.0,57.0,45.0,100.0,48.0,7.0
39.0,92.0,89.0,100.0,95.0,77.0,53.0,57.0,91.0,45.0,100.0,17.0,55.0,0.0,0.0,2.0,3.0
21.0,100.0,0.0,70.0,7.0,42.0,91.0,49.0,100.0,64.0,70.0,67.0,72.0,34.0,70.0,0.0,4.0
43.0,100.0,9.0,64.0,0.0,19.0,44.0,0.0,90.0,22.0,100.0,66.0,66.0,99.0,15.0,88.0,0.0
39.0,83.0,63.0,100.0,78.0,78.0,71.0,61.0,100.0,39.0,78.0,11.0,36.0,0.0,0.0,17.0,3.0
0.0,77.0,30.0,100.0,74.0,96.0,56.0,63.0,75.0,43.0,100.0,14.0,59.0,0.0,13.0,5.0,3.0
0.0,37.0,14.0,70.0,27.0,100.0,26.0,64.0,24.0,28.0,3.0,0.0,18.0,5.0,100.0,12.0,1.0
9.0,77.0,0.0,30.0,29.0,0.0,70.0,4.0,100.0,37.0,84.0,82.0,47.0,100.0,17.0,72.0,0.0
0.0,64.0,42.0,81.0,81.0,100.0,100.0,95.0,81.0,70.0,57.0,45.0,30.0,21.0,33.0,0.0,1.0
58.0,100.0,21.0,71.0,1.0,35.0,15.0,0.0,66.0,2.0,100.0,28.0,50.0,32.0,0.0,19.0,6.0
66.0,100.0,50.0,86.0,21.0,56.0,0.0,26.0,26.0,0.0,100.0,16.0,53.0,33.0,15.0,7.0,6.0
0.0,93.0,43.0,100.0,91.0,87.0,70.0,44.0,50.0,0.0,35.0,5.0,39.0,44.0,100.0,53.0,7.0
0.0,35.0,39.0,52.0,71.0,75.0,100.0,100.0,82.0,76.0,59.0,51.0,36.0,25.0,9.0,0.0,1.0
26.0,97.0,28.0,70.0,59.0,35.0,22.0,0.0,0.0,23.0,8.0,71.0,40.0,100.0,100.0,100.0,5.0
52.0,70.0,100.0,89.0,50.0,100.0,0.0,82.0,55.0,72.0,96.0,54.0,77.0,26.0,55.0,0.0,9.0
46.0,92.0,45.0,62.0,38.0,22.0,0.0,0.0,9.0,39.0,57.0,70.0,100.0,100.0,27.0,98.0,8.0
0.0,93.0,58.0,100.0,97.0,74.0,73.0,41.0,41.0,9.0,27.0,0.0,19.0,27.0,100.0,33.0,7.0
42.0,95.0,0.0,64.0,48.0,42.0,21.0,0.0,0.0,18.0,5.0,72.0,42.0,100.0,100.0,98.0,5.0
55.0,92.0,17.0,78.0,55.0,38.0,50.0,0.0,0.0,21.0,56.0,55.0,100.0,92.0,25.0,100.0,8.0
0.0,100.0,50.0,91.0,68.0,60.0,58.0,29.0,26.0,0.0,9.0,18.0,23.0,45.0,100.0,49.0,7.0
0.0,80.0,35.0,100.0,80.0,89.0,58.0,61.0,68.0,39.0,100.0,15.0,55.0,0.0,2.0,3.0,3.0
82.0,100.0,39.0,78.0,17.0,48.0,19.0,17.0,66.0,0.0,100.0,21.0,44.0,31.0,0.0,13.0,6.0
93.0,100.0,58.0,79.0,28.0,50.0,8.0,18.0,47.0,0.0,100.0,14.0,58.0,25.0,0.0,19.0,6.0
0.0,33.0,31.0,60.0,69.0,86.0,81.0,100.0,72.0,72.0,72.0,44.0,76.0,16.0,100.0,0.0,1.0
55.0,82.0,95.0,100.0,98.0,83.0,64.0,62.0,91.0,38.0,100.0,13.0,49.0,0.0,0.0,8.0,3.0
64.0,100.0,100.0,92.0,94.0,56.0,72.0,22.0,72.0,0.0,91.0,31.0,52.0,59.0,0.0,80.0,8.0
0.0,59.0,16.0,73.0,77.0,95.0,100.0,100.0,70.0,75.0,45.0,50.0,25.0,25.0,34.0,0.0,1.0
14.0,86.0,0.0,75.0,1.0,29.0,40.0,0.0,94.0,10.0,100.0,53.0,62.0,86.0,9.0,100.0,0.0
39.0,89.0,37.0,59.0,65.0,29.0,24.0,0.0,6.0,37.0,0.0,80.0,38.0,100.0,100.0,98.0,5.0
0.0,56.0,13.0,100.0,50.0,89.0,40.0,40.0,10.0,2.0,12.0,4.0,58.0,0.0,100.0,17.0,2.0
100.0,100.0,63.0,90.0,26.0,63.0,2.0,33.0,0.0,0.0,54.0,1.0,60.0,31.0,7.0,30.0,6.0
17.0,65.0,71.0,80.0,100.0,100.0,81.0,74.0,74.0,47.0,69.0,20.0,31.0,0.0,0.0,2.0,1.0
55.0,77.0,3.0,100.0,39.0,57.0,100.0,16.0,0.0,0.0,26.0,38.0,97.0,77.0,23.0,78.0,8.0
49.0,100.0,54.0,67.0,95.0,32.0,47.0,0.0,4.0,11.0,0.0,58.0,31.0,94.0,100.0,94.0,5.0
25.0,79.0,59.0,100.0,100.0,88.0,63.0,63.0,35.0,41.0,80.0,21.0,54.0,0.0,0.0,6.0,3.0
7.0,85.0,29.0,100.0,28.0,70.0,26.0,55.0,83.0,58.0,100.0,31.0,55.0,11.0,0.0,0.0,3.0
42.0,87.0,80.0,100.0,70.0,72.0,58.0,62.0,100.0,46.0,87.0,15.0,42.0,0.0,0.0,3.0,3.0
21.0,94.0,44.0,73.0,100.0,100.0,13.0,100.0,16.0,80.0,61.0,66.0,23.0,33.0,0.0,0.0,9.0
0.0,26.0,57.0,56.0,98.0,94.0,31.0,100.0,45.0,63.0,100.0,31.0,78.0,0.0,9.0,16.0,8.0
28.0,87.0,1.0,56.0,76.0,75.0,67.0,28.0,1.0,0.0,0.0,46.0,18.0,94.0,100.0,100.0,5.0
73.0,100.0,31.0,79.0,4.0,48.0,0.0,15.0,49.0,0.0,100.0,14.0,66.0,33.0,10.0,28.0,6.0
18.0,87.0,0.0,92.0,50.0,96.0,100.0,100.0,71.0,78.0,47.0,54.0,33.0,27.0,35.0,0.0,7.0
100.0,62.0,47.0,55.0,0.0,73.0,21.0,100.0,73.0,91.0,79.0,57.0,55.0,25.0,16.0,0.0,9.0
0.0,88.0,37.0,100.0,82.0,90.0,70.0,46.0,68.0,0.0,100.0,3.0,93.0,30.0,46.0,38.0,7.0
59.0,73.0,48.0,100.0,99.0,95.0,81.0,63.0,93.0,44.0,100.0,13.0,50.0,0.0,0.0,11.0,3.0
35.0,86.0,56.0,65.0,100.0,27.0,23.0,0.0,6.0,28.0,65.0,64.0,98.0,100.0,0.0,85.0,8.0
11.0,59.0,51.0,85.0,53.0,100.0,46.0,58.0,38.0,16.0,0.0,5.0,51.0,0.0,100.0,1.0,1.0
98.0,98.0,34.0,96.0,8.0,59.0,63.0,27.0,34.0,0.0,0.0,32.0,42.0,70.0,100.0,100.0,8.0
81.0,100.0,33.0,88.0,0.0,50.0,11.0,9.0,77.0,6.0,100.0,42.0,37.0,33.0,10.0,0.0,6.0
35.0,97.0,8.0,76.0,0.0,27.0,42.0,0.0,91.0,17.0,100.0,65.0,60.0,97.0,8.0,100.0,0.0
0.0,100.0,15.0,87.0,8.0,66.0,20.0,46.0,66.0,50.0,77.0,40.0,87.0,20.0,100.0,0.0,4.0
100.0,100.0,61.0,90.0,71.0,68.0,95.0,88.0,94.0,54.0,79.0,22.0,41.0,0.0,0.0,13.0,9.0
29.0,100.0,11.0,85.0,0.0,65.0,3.0,45.0,46.0,39.0,83.0,39.0,84.0,19.0,100.0,0.0,4.0
100.0,100.0,54.0,92.0,19.0,67.0,0.0,35.0,22.0,6.0,71.0,0.0,89.0,25.0,48.0,46.0,6.0
66.0,93.0,50.0,56.0,80.0,100.0,0.0,55.0,17.0,35.0,59.0,0.0,100.0,52.0,0.0,29.0,8.0
100.0,99.0,52.0,79.0,0.0,70.0,26.0,100.0,80.0,100.0,81.0,65.0,57.0,32.0,35.0,0.0,9.0
59.0,100.0,9.0,86.0,61.0,44.0,74.0,0.0,0.0,1.0,53.0,39.0,100.0,82.0,35.0,88.0,8.0
0.0,99.0,42.0,100.0,23.0,75.0,2.0,50.0,23.0,27.0,93.0,43.0,81.0,25.0,100.0,0.0,4.0
59.0,100.0,12.0,74.0,0.0,34.0,29.0,0.0,81.0,21.0,100.0,59.0,91.0,98.0,35.0,83.0,0.0
0.0,87.0,37.0,100.0,59.0,64.0,45.0,15.0,27.0,0.0,20.0,38.0,60.0,44.0,100.0,51.0,7.0
63.0,62.0,67.0,100.0,5.0,79.0,52.0,41.0,73.0,0.0,0.0,2.0,32.0,42.0,100.0,75.0,8.0
100.0,100.0,57.0,81.0,23.0,58.0,0.0,35.0,7.0,9.0,61.0,0.0,68.0,20.0,20.0,22.0,6.0
22.0,100.0,3.0,94.0,0.0,51.0,49.0,44.0,100.0,61.0,64.0,86.0,64.0,43.0,60.0,0.0,4.0
0.0,80.0,22.0,100.0,43.0,71.0,36.0,37.0,9.0,8.0,7.0,12.0,54.0,16.0,100.0,0.0,2.0
39.0,83.0,17.0,65.0,37.0,26.0,17.0,0.0,0.0,36.0,44.0,70.0,100.0,100.0,32.0,93.0,8.0
100.0,95.0,74.0,100.0,25.0,89.0,17.0,53.0,72.0,45.0,99.0,19.0,53.0,3.0,0.0,0.0,5.0
22.0,71.0,55.0,44.0,42.0,11.0,0.0,0.0,1.0,37.0,13.0,71.0,53.0,91.0,100.0,100.0,5.0
0.0,39.0,35.0,58.0,69.0,76.0,100.0,100.0,86.0,88.0,69.0,60.0,52.0,30.0,45.0,0.0,1.0
19.0,93.0,66.0,100.0,78.0,78.0,41.0,58.0,63.0,41.0,100.0,23.0,53.0,9.0,0.0,0.0,3.0
13.0,85.0,76.0,100.0,100.0,69.0,74.0,35.0,40.0,1.0,12.0,0.0,0.0,33.0,81.0,37.0,7.0
41.0,100.0,20.0,80.0,0.0,57.0,39.0,42.0,100.0,55.0,98.0,45.0,72.0,23.0,57.0,0.0,4.0
30.0,100.0,11.0,73.0,0.0,44.0,75.0,44.0,100.0,63.0,97.0,61.0,84.0,30.0,79.0,0.0,4.0
89.0,100.0,43.0,93.0,3.0,58.0,0.0,15.0,57.0,2.0,100.0,29.0,43.0,35.0,24.0,0.0,6.0
40.0,100.0,13.0,69.0,0.0,30.0,22.0,0.0,73.0,19.0,100.0,53.0,92.0,91.0,39.0,95.0,0.0
16.0,78.0,66.0,100.0,100.0,75.0,46.0,39.0,0.0,0.0,66.0,4.0,24.0,45.0,23.0,85.0,8.0
9.0,78.0,48.0,100.0,100.0,94.0,78.0,63.0,85.0,36.0,73.0,6.0,19.0,0.0,0.0,29.0,3.0
0.0,81.0,34.0,100.0,62.0,73.0,54.0,36.0,39.0,0.0,12.0,16.0,50.0,27.0,100.0,30.0,7.0
0.0,95.0,53.0,100.0,91.0,86.0,78.0,47.0,68.0,7.0,47.0,0.0,24.0,24.0,100.0,27.0,7.0
2.0,100.0,5.0,75.0,0.0,47.0,22.0,27.0,98.0,30.0,100.0,47.0,71.0,27.0,78.0,0.0,4.0
0.0,90.0,41.0,100.0,90.0,74.0,81.0,36.0,51.0,0.0,36.0,1.0,24.0,36.0,100.0,40.0,7.0
9.0,100.0,0.0,81.0,0.0,58.0,14.0,35.0,62.0,33.0,79.0,44.0,81.0,21.0,100.0,0.0,4.0
0.0,95.0,53.0,100.0,100.0,93.0,76.0,60.0,51.0,27.0,31.0,0.0,33.0,35.0,91.0,41.0,7.0
10.0,55.0,33.0,86.0,95.0,100.0,88.0,70.0,48.0,43.0,0.0,18.0,28.0,0.0,100.0,2.0,2.0
40.0,80.0,63.0,100.0,100.0,91.0,84.0,67.0,52.0,46.0,18.0,28.0,0.0,6.0,47.0,0.0,2.0
52.0,100.0,0.0,98.0,27.0,78.0,41.0,82.0,67.0,48.0,100.0,16.0,63.0,0.0,3.0,10.0,9.0
52.0,98.0,69.0,67.0,78.0,28.0,13.0,0.0,0.0,26.0,54.0,58.0,100.0,93.0,54.0,100.0,8.0
0.0,83.0,43.0,100.0,89.0,85.0,75.0,57.0,42.0,32.0,0.0,11.0,35.0,0.0,100.0,0.0,2.0
66.0,100.0,43.0,66.0,0.0,37.0,33.0,39.0,100.0,42.0,78.0,68.0,51.0,35.0,39.0,0.0,4.0
100.0,100.0,64.0,96.0,55.0,68.0,88.0,92.0,86.0,66.0,76.0,28.0,42.0,1.0,0.0,0.0,9.0
0.0,95.0,44.0,100.0,74.0,82.0,65.0,41.0,57.0,0.0,42.0,11.0,55.0,31.0,100.0,32.0,7.0
34.0,62.0,51.0,96.0,55.0,56.0,50.0,13.0,0.0,0.0,6.0,56.0,38.0,100.0,100.0,90.0,5.0
46.0,97.0,90.0,97.0,55.0,68.0,66.0,100.0,100.0,60.0,97.0,9.0,40.0,0.0,0.0,34.0,9.0
92.0,100.0,54.0,84.0,66.0,70.0,100.0,88.0,85.0,64.0,68.0,39.0,39.0,18.0,0.0,0.0,9.0
100.0,100.0,21.0,86.0,64.0,41.0,71.0,0.0,13.0,23.0,73.0,66.0,74.0,100.0,0.0,70.0,8.0
1.0,92.0,0.0,63.0,36.0,33.0,14.0,0.0,3.0,37.0,5.0,81.0,50.0,96.0,100.0,100.0,5.0
30.0,88.0,76.0,100.0,100.0,77.0,62.0,50.0,53.0,36.0,94.0,17.0,51.0,0.0,0.0,3.0,3.0
16.0,85.0,45.0,100.0,96.0,93.0,85.0,66.0,88.0,40.0,100.0,15.0,52.0,4.0,0.0,0.0,3.0
100.0,90.0,60.0,100.0,36.0,66.0,54.0,29.0,34.0,0.0,0.0,19.0,37.0,48.0,79.0,74.0,8.0
16.0,98.0,75.0,100.0,48.0,94.0,0.0,72.0,55.0,58.0,100.0,33.0,77.0,4.0,18.0,0.0,5.0
21.0,74.0,30.0,100.0,72.0,77.0,66.0,36.0,31.0,2.0,0.0,14.0,52.0,24.0,100.0,0.0,2.0
31.0,65.0,0.0,88.0,40.0,100.0,68.0,72.0,56.0,32.0,28.0,0.0,57.0,1.0,100.0,6.0,2.0
89.0,81.0,49.0,100.0,0.0,84.0,39.0,68.0,100.0,75.0,94.0,54.0,84.0,24.0,51.0,0.0,9.0
0.0,44.0,28.0,59.0,67.0,78.0,100.0,100.0,89.0,83.0,75.0,56.0,65.0,28.0,67.0,0.0,1.0
0.0,0.0,18.0,27.0,48.0,49.0,76.0,73.0,100.0,100.0,94.0,73.0,82.0,40.0,82.0,9.0,1.0
0.0,92.0,42.0,97.0,86.0,100.0,72.0,54.0,60.0,0.0,40.0,0.0,56.0,22.0,100.0,21.0,7.0
15.0,78.0,6.0,33.0,34.0,0.0,79.0,17.0,100.0,58.0,81.0,99.0,34.0,100.0,0.0,68.0,0.0
0.0,88.0,35.0,100.0,69.0,85.0,62.0,58.0,66.0,32.0,100.0,14.0,74.0,1.0,31.0,0.0,3.0
33.0,83.0,4.0,65.0,73.0,52.0,61.0,7.0,0.0,0.0,6.0,51.0,26.0,95.0,100.0,100.0,5.0
84.0,67.0,57.0,100.0,0.0,88.0,16.0,52.0,75.0,65.0,100.0,72.0,92.0,28.0,97.0,0.0,9.0
12.0,87.0,0.0,44.0,20.0,4.0,66.0,0.0,100.0,30.0,89.0,75.0,49.0,100.0,13.0,77.0,0.0
97.0,100.0,49.0,92.0,15.0,65.0,0.0,35.0,15.0,6.0,74.0,0.0,100.0,23.0,45.0,29.0,6.0
90.0,70.0,53.0,63.0,0.0,75.0,45.0,100.0,100.0,88.0,86.0,55.0,53.0,25.0,8.0,0.0,9.0
42.0,94.0,12.0,60.0,56.0,33.0,33.0,0.0,0.0,20.0,13.0,71.0,48.0,100.0,100.0,96.0,5.0
57.0,70.0,57.0,100.0,55.0,66.0,33.0,36.0,0.0,16.0,23.0,9.0,60.0,0.0,100.0,3.0,2.0
29.0,82.0,44.0,100.0,93.0,92.0,68.0,63.0,77.0,40.0,100.0,13.0,53.0,0.0,0.0,4.0,3.0
0.0,100.0,34.0,94.0,70.0,90.0,100.0,85.0,78.0,64.0,57.0,41.0,42.0,15.0,43.0,0.0,7.0
0.0,82.0,10.0,99.0,54.0,99.0,98.0,100.0,100.0,80.0,78.0,55.0,62.0,28.0,57.0,0.0,7.0
0.0,100.0,36.0,90.0,100.0,85.0,66.0,61.0,35.0,19.0,33.0,0.0,63.0,34.0,25.0,28.0,7.0
57.0,51.0,100.0,74.0,87.0,100.0,27.0,94.0,0.0,69.0,57.0,58.0,75.0,32.0,65.0,0.0,9.0
44.0,80.0,74.0,100.0,100.0,79.0,74.0,50.0,84.0,39.0,86.0,12.0,42.0,0.0,0.0,9.0,3.0
0.0,72.0,28.0,100.0,53.0,77.0,53.0,24.0,42.0,0.0,36.0,34.0,68.0,49.0,100.0,67.0,7.0
32.0,100.0,7.0,79.0,0.0,34.0,32.0,0.0,82.0,4.0,100.0,46.0,70.0,81.0,21.0,97.0,0.0
10.0,72.0,45.0,100.0,85.0,84.0,56.0,53.0,100.0,42.0,92.0,10.0,37.0,0.0,0.0,17.0,3.0
77.0,100.0,25.0,82.0,3.0,53.0,0.0,24.0,43.0,0.0,100.0,16.0,46.0,28.0,6.0,4.0,6.0
0.0,80.0,17.0,100.0,41.0,99.0,60.0,83.0,53.0,52.0,56.0,20.0,77.0,7.0,100.0,0.0,2.0
0.0,83.0,42.0,100.0,98.0,97.0,93.0,71.0,81.0,44.0,100.0,15.0,58.0,0.0,4.0,7.0,3.0
95.0,68.0,76.0,100.0,34.0,78.0,50.0,39.0,52.0,0.0,0.0,6.0,40.0,39.0,100.0,60.0,8.0
2.0,37.0,8.0,25.0,42.0,0.0,89.0,17.0,100.0,59.0,73.0,96.0,23.0,100.0,0.0,62.0,0.0
0.0,99.0,66.0,100.0,100.0,79.0,68.0,41.0,48.0,1.0,25.0,0.0,21.0,23.0,88.0,25.0,7.0
0.0,100.0,8.0,74.0,95.0,80.0,62.0,96.0,16.0,78.0,100.0,64.0,85.0,28.0,58.0,0.0,9.0
39.0,100.0,24.0,70.0,0.0,40.0,49.0,38.0,100.0,40.0,75.0,65.0,52.0,34.0,43.0,0.0,4.0
62.0,96.0,24.0,99.0,0.0,59.0,19.0,17.0,61.0,0.0,97.0,24.0,100.0,71.0,65.0,100.0,0.0
100.0,77.0,49.0,65.0,0.0,69.0,25.0,98.0,74.0,100.0,84.0,67.0,84.0,33.0,90.0,0.0,9.0
45.0,91.0,88.0,100.0,100.0,77.0,69.0,54.0,100.0,39.0,99.0,12.0,51.0,0.0,0.0,1.0,3.0
0.0,75.0,26.0,100.0,61.0,87.0,55.0,48.0,24.0,22.0,26.0,3.0,65.0,1.0,100.0,0.0,2.0
29.0,85.0,82.0,100.0,100.0,100.0,43.0,85.0,27.0,51.0,81.0,32.0,57.0,0.0,0.0,0.0,5.0
0.0,77.0,52.0,57.0,100.0,26.0,54.0,0.0,23.0,24.0,56.0,58.0,75.0,94.0,21.0,100.0,8.0
66.0,76.0,34.0,100.0,5.0,76.0,43.0,39.0,44.0,0.0,0.0,17.0,45.0,50.0,100.0,76.0,8.0
0.0,59.0,5.0,73.0,61.0,91.0,100.0,100.0,75.0,75.0,52.0,51.0,33.0,25.0,25.0,0.0,1.0
14.0,81.0,0.0,41.0,34.0,0.0,87.0,3.0,100.0,56.0,70.0,100.0,20.0,99.0,7.0,49.0,0.0
0.0,29.0,4.0,45.0,41.0,71.0,78.0,96.0,100.0,100.0,75.0,67.0,50.0,33.0,25.0,0.0,1.0
11.0,81.0,60.0,100.0,100.0,89.0,69.0,55.0,31.0,24.0,0.0,0.0,7.0,39.0,64.0,43.0,7.0
22.0,91.0,24.0,64.0,80.0,38.0,67.0,0.0,0.0,13.0,4.0,57.0,26.0,97.0,100.0,100.0,5.0
26.0,100.0,16.0,79.0,0.0,52.0,36.0,32.0,100.0,38.0,55.0,52.0,38.0,26.0,32.0,0.0,4.0
0.0,85.0,34.0,100.0,68.0,86.0,61.0,55.0,31.0,31.0,20.0,9.0,61.0,4.0,100.0,0.0,2.0
86.0,83.0,40.0,100.0,0.0,72.0,49.0,37.0,63.0,0.0,10.0,20.0,52.0,55.0,100.0,82.0,8.0
14.0,92.0,0.0,64.0,66.0,61.0,77.0,7.0,41.0,0.0,23.0,55.0,30.0,95.0,100.0,100.0,5.0
0.0,26.0,15.0,47.0,60.0,73.0,100.0,100.0,87.0,87.0,64.0,58.0,43.0,29.0,25.0,0.0,1.0
88.0,76.0,78.0,100.0,26.0,87.0,59.0,86.0,100.0,83.0,76.0,48.0,42.0,18.0,0.0,0.0,9.0
2.0,78.0,33.0,100.0,88.0,97.0,86.0,71.0,79.0,41.0,100.0,11.0,54.0,0.0,0.0,4.0,3.0
58.0,89.0,15.0,70.0,0.0,30.0,33.0,0.0,79.0,32.0,100.0,72.0,67.0,100.0,18.0,70.0,0.0
52.0,90.0,100.0,100.0,60.0,92.0,32.0,60.0,79.0,57.0,86.0,22.0,44.0,0.0,0.0,14.0,5.0
47.0,100.0,27.0,50.0,0.0,20.0,50.0,30.0,100.0,31.0,89.0,59.0,58.0,50.0,39.0,0.0,4.0
12.0,69.0,19.0,100.0,78.0,99.0,83.0,66.0,47.0,35.0,0.0,10.0,29.0,3.0,100.0,0.0,2.0
100.0,100.0,47.0,82.0,13.0,57.0,0.0,31.0,8.0,6.0,92.0,0.0,97.0,20.0,5.0,27.0,6.0
100.0,69.0,76.0,100.0,13.0,91.0,12.0,65.0,76.0,76.0,84.0,43.0,60.0,9.0,0.0,0.0,9.0
40.0,84.0,33.0,81.0,100.0,42.0,81.0,0.0,0.0,13.0,46.0,57.0,94.0,100.0,11.0,90.0,8.0
14.0,77.0,53.0,100.0,79.0,77.0,43.0,46.0,83.0,36.0,100.0,9.0,50.0,0.0,0.0,1.0,3.0
16.0,95.0,46.0,100.0,100.0,95.0,72.0,63.0,39.0,32.0,6.0,0.0,0.0,32.0,56.0,35.0,7.0
48.0,86.0,64.0,100.0,94.0,80.0,58.0,54.0,100.0,52.0,87.0,19.0,43.0,0.0,0.0,7.0,3.0
100.0,100.0,48.0,80.0,17.0,54.0,0.0,26.0,25.0,0.0,96.0,4.0,84.0,23.0,19.0,12.0,6.0
21.0,86.0,55.0,100.0,87.0,79.0,62.0,49.0,83.0,38.0,100.0,12.0,52.0,0.0,0.0,4.0,3.0
4.0,100.0,59.0,90.0,66.0,56.0,56.0,22.0,39.0,0.0,0.0,30.0,16.0,49.0,100.0,47.0,7.0
3.0,61.0,69.0,34.0,69.0,0.0,0.0,13.0,45.0,46.0,100.0,78.0,71.0,100.0,29.0,71.0,8.0
20.0,91.0,61.0,100.0,71.0,78.0,59.0,51.0,100.0,34.0,86.0,11.0,37.0,0.0,0.0,1.0,3.0
90.0,71.0,87.0,100.0,5.0,86.0,0.0,54.0,85.0,65.0,100.0,72.0,96.0,34.0,96.0,0.0,9.0
30.0,86.0,0.0,42.0,23.0,0.0,70.0,3.0,100.0,41.0,82.0,90.0,37.0,100.0,22.0,54.0,0.0
100.0,87.0,9.0,100.0,0.0,67.0,74.0,37.0,94.0,0.0,21.0,15.0,60.0,56.0,93.0,94.0,8.0
11.0,91.0,57.0,100.0,100.0,93.0,66.0,62.0,33.0,29.0,5.0,0.0,0.0,35.0,60.0,37.0,7.0
19.0,94.0,78.0,100.0,100.0,82.0,67.0,50.0,34.0,20.0,0.0,0.0,13.0,31.0,74.0,33.0,7.0
36.0,52.0,0.0,50.0,6.0,6.0,56.0,0.0,97.0,30.0,100.0,76.0,58.0,100.0,24.0,68.0,0.0
100.0,75.0,82.0,100.0,29.0,91.0,20.0,74.0,74.0,74.0,63.0,42.0,30.0,15.0,0.0,0.0,9.0
0.0,48.0,35.0,57.0,67.0,78.0,99.0,100.0,100.0,88.0,79.0,58.0,63.0,27.0,75.0,0.0,1.0
74.0,100.0,38.0,79.0,0.0,49.0,53.0,53.0,100.0,62.0,73.0,84.0,56.0,42.0,42.0,0.0,4.0
73.0,100.0,27.0,84.0,1.0,51.0,0.0,15.0,47.0,0.0,100.0,4.0,82.0,19.0,34.0,10.0,6.0
83.0,100.0,49.0,77.0,19.0,49.0,3.0,20.0,39.0,0.0,100.0,12.0,65.0,31.0,0.0,26.0,6.0
65.0,84.0,31.0,100.0,0.0,63.0,15.0,16.0,62.0,0.0,100.0,30.0,89.0,78.0,44.0,94.0,0.0
71.0,72.0,33.0,76.0,24.0,98.0,78.0,100.0,100.0,73.0,78.0,43.0,41.0,19.0,0.0,0.0,9.0
0.0,99.0,39.0,100.0,65.0,72.0,49.0,30.0,23.0,0.0,8.0,36.0,53.0,43.0,100.0,47.0,7.0
65.0,100.0,0.0,79.0,67.0,41.0,99.0,0.0,10.0,3.0,41.0,42.0,100.0,80.0,6.0,90.0,8.0
7.0,83.0,46.0,100.0,59.0,70.0,39.0,39.0,5.0,13.0,0.0,16.0,53.0,15.0,100.0,0.0,2.0
0.0,42.0,29.0,62.0,66.0,82.0,100.0,100.0,77.0,76.0,55.0,51.0,38.0,25.0,23.0,0.0,1.0
25.0,100.0,0.0,84.0,16.0,63.0,77.0,67.0,100.0,66.0,76.0,45.0,53.0,22.0,34.0,0.0,4.0
0.0,39.0,35.0,55.0,68.0,77.0,100.0,100.0,96.0,76.0,77.0,50.0,56.0,25.0,36.0,0.0,1.0
14.0,100.0,6.0,77.0,0.0,47.0,79.0,50.0,100.0,63.0,73.0,62.0,76.0,31.0,77.0,0.0,4.0
0.0,87.0,39.0,100.0,61.0,70.0,47.0,27.0,36.0,0.0,11.0,33.0,55.0,35.0,100.0,39.0,7.0
100.0,100.0,51.0,100.0,11.0,81.0,9.0,51.0,57.0,55.0,73.0,22.0,37.0,0.0,0.0,14.0,5.0
4.0,77.0,0.0,35.0,28.0,0.0,74.0,2.0,100.0,37.0,89.0,80.0,48.0,100.0,12.0,73.0,0.0
55.0,100.0,17.0,76.0,0.0,50.0,3.0,22.0,41.0,0.0,100.0,10.0,62.0,24.0,10.0,8.0,6.0
0.0,42.0,40.0,63.0,78.0,86.0,100.0,100.0,71.0,75.0,43.0,50.0,16.0,24.0,0.0,0.0,1.0
100.0,100.0,46.0,92.0,34.0,67.0,79.0,82.0,87.0,75.0,82.0,43.0,49.0,17.0,0.0,0.0,9.0
100.0,100.0,57.0,91.0,22.0,62.0,0.0,31.0,18.0,1.0,100.0,0.0,85.0,22.0,10.0,7.0,6.0
100.0,100.0,72.0,79.0,38.0,51.0,0.0,26.0,44.0,32.0,90.0,39.0,88.0,37.0,82.0,0.0,4.0
88.0,100.0,9.0,93.0,8.0,45.0,55.0,0.0,0.0,6.0,37.0,50.0,100.0,84.0,44.0,99.0,8.0
100.0,100.0,58.0,89.0,34.0,55.0,25.0,18.0,58.0,0.0,79.0,32.0,39.0,48.0,0.0,27.0,6.0
100.0,100.0,62.0,88.0,26.0,61.0,0.0,30.0,14.0,0.0,68.0,2.0,63.0,23.0,12.0,13.0,6.0
0.0,70.0,50.0,84.0,100.0,100.0,94.0,82.0,81.0,56.0,65.0,29.0,50.0,3.0,54.0,0.0,1.0
8.0,96.0,0.0,50.0,12.0,6.0,58.0,0.0,96.0,28.0,100.0,71.0,59.0,95.0,11.0,100.0,0.0
36.0,86.0,30.0,70.0,78.0,35.0,55.0,0.0,0.0,21.0,62.0,53.0,100.0,89.0,9.0,100.0,8.0
60.0,74.0,89.0,100.0,96.0,78.0,68.0,50.0,34.0,24.0,0.0,2.0,51.0,7.0,100.0,0.0,2.0
85.0,100.0,23.0,83.0,0.0,42.0,13.0,0.0,78.0,5.0,100.0,47.0,84.0,88.0,16.0,81.0,0.0
100.0,86.0,71.0,100.0,32.0,90.0,12.0,61.0,50.0,58.0,63.0,27.0,40.0,0.0,0.0,2.0,5.0
11.0,47.0,58.0,70.0,100.0,100.0,73.0,70.0,50.0,34.0,28.0,0.0,0.0,12.0,70.0,10.0,1.0
0.0,88.0,40.0,100.0,79.0,86.0,67.0,44.0,64.0,0.0,100.0,15.0,70.0,32.0,23.0,37.0,7.0
0.0,58.0,34.0,75.0,76.0,96.0,100.0,100.0,95.0,75.0,85.0,49.0,76.0,24.0,88.0,0.0,1.0
12.0,80.0,57.0,100.0,76.0,74.0,56.0,41.0,28.0,10.0,0.0,4.0,42.0,13.0,100.0,0.0,2.0
53.0,78.0,80.0,100.0,96.0,68.0,68.0,35.0,23.0,14.0,0.0,20.0,51.0,17.0,100.0,0.0,2.0
12.0,79.0,62.0,46.0,100.0,12.0,23.0,0.0,41.0,33.0,86.0,67.0,82.0,100.0,0.0,88.0,8.0
98.0,100.0,64.0,86.0,38.0,54.0,31.0,20.0,72.0,0.0,100.0,26.0,51.0,39.0,0.0,24.0,6.0
96.0,100.0,55.0,66.0,0.0,37.0,18.0,37.0,100.0,42.0,95.0,72.0,64.0,36.0,39.0,0.0,4.0
0.0,98.0,60.0,100.0,94.0,82.0,69.0,42.0,50.0,0.0,26.0,5.0,18.0,31.0,100.0,28.0,7.0
54.0,73.0,78.0,100.0,90.0,67.0,67.0,31.0,29.0,3.0,0.0,8.0,49.0,10.0,100.0,0.0,2.0
0.0,39.0,4.0,57.0,51.0,79.0,100.0,100.0,96.0,81.0,68.0,54.0,40.0,27.0,15.0,0.0,1.0
5.0,67.0,30.0,100.0,60.0,78.0,41.0,39.0,5.0,10.0,0.0,20.0,49.0,6.0,100.0,0.0,2.0
0.0,25.0,52.0,58.0,76.0,98.0,15.0,100.0,54.0,64.0,100.0,29.0,49.0,0.0,9.0,28.0,8.0
78.0,100.0,29.0,88.0,0.0,52.0,2.0,10.0,55.0,0.0,100.0,26.0,98.0,67.0,51.0,77.0,0.0
27.0,100.0,41.0,75.0,0.0,48.0,43.0,47.0,84.0,56.0,100.0,68.0,93.0,31.0,82.0,0.0,4.0
59.0,100.0,0.0,79.0,31.0,64.0,100.0,75.0,93.0,76.0,63.0,51.0,37.0,26.0,11.0,0.0,4.0
56.0,87.0,91.0,100.0,81.0,72.0,61.0,58.0,100.0,41.0,87.0,12.0,38.0,0.0,0.0,12.0,3.0
69.0,100.0,52.0,50.0,100.0,65.0,64.0,93.0,82.0,70.0,96.0,49.0,61.0,0.0,0.0,4.0,9.0
37.0,83.0,63.0,100.0,83.0,74.0,62.0,47.0,30.0,24.0,0.0,0.0,50.0,2.0,100.0,4.0,2.0
49.0,75.0,44.0,100.0,23.0,73.0,43.0,37.0,47.0,0.0,0.0,16.0,40.0,45.0,100.0,68.0,8.0
0.0,77.0,30.0,100.0,84.0,98.0,76.0,65.0,44.0,36.0,5.0,10.0,46.0,2.0,100.0,0.0,2.0
0.0,100.0,52.0,100.0,88.0,81.0,73.0,45.0,58.0,8.0,36.0,0.0,39.0,21.0,100.0,19.0,7.0
0.0,93.0,51.0,97.0,100.0,100.0,77.0,61.0,56.0,22.0,38.0,0.0,23.0,30.0,76.0,31.0,7.0
0.0,49.0,40.0,66.0,74.0,87.0,100.0,100.0,90.0,75.0,78.0,50.0,65.0,24.0,65.0,0.0,1.0
100.0,98.0,51.0,100.0,11.0,72.0,44.0,35.0,43.0,0.0,0.0,20.0,22.0,61.0,65.0,92.0,8.0
100.0,100.0,69.0,91.0,43.0,72.0,18.0,49.0,0.0,22.0,16.0,0.0,34.0,11.0,3.0,10.0,6.0
100.0,95.0,52.0,99.0,0.0,100.0,18.0,68.0,70.0,65.0,82.0,28.0,42.0,0.0,1.0,7.0,5.0
71.0,100.0,39.0,87.0,11.0,63.0,0.0,37.0,42.0,25.0,100.0,37.0,74.0,24.0,53.0,0.0,4.0
0.0,27.0,34.0,51.0,70.0,75.0,100.0,100.0,83.0,77.0,68.0,52.0,55.0,26.0,47.0,0.0,1.0
20.0,97.0,9.0,89.0,0.0,49.0,66.0,47.0,100.0,70.0,75.0,100.0,71.0,50.0,73.0,0.0,4.0
24.0,86.0,57.0,100.0,55.0,72.0,30.0,47.0,0.0,26.0,31.0,9.0,69.0,1.0,100.0,0.0,2.0
25.0,100.0,2.0,74.0,5.0,23.0,51.0,0.0,100.0,20.0,98.0,71.0,55.0,99.0,0.0,96.0,0.0
100.0,100.0,67.0,96.0,29.0,67.0,0.0,33.0,15.0,0.0,70.0,1.0,71.0,18.0,19.0,10.0,6.0
76.0,85.0,88.0,70.0,27.0,68.0,0.0,100.0,62.0,99.0,100.0,66.0,90.0,25.0,40.0,0.0,9.0
38.0,79.0,69.0,100.0,76.0,60.0,46.0,25.0,3.0,2.0,0.0,3.0,50.0,0.0,100.0,1.0,2.0
89.0,100.0,43.0,76.0,0.0,75.0,49.0,99.0,100.0,90.0,84.0,56.0,53.0,24.0,38.0,0.0,9.0
53.0,92.0,99.0,100.0,100.0,74.0,61.0,53.0,83.0,39.0,95.0,13.0,48.0,0.0,0.0,6.0,3.0
34.0,93.0,92.0,100.0,53.0,92.0,0.0,73.0,49.0,61.0,100.0,40.0,86.0,10.0,26.0,0.0,5.0
0.0,45.0,58.0,67.0,94.0,91.0,100.0,100.0,82.0,75.0,67.0,50.0,58.0,25.0,58.0,0.0,1.0
28.0,78.0,57.0,100.0,61.0,67.0,33.0,33.0,0.0,7.0,17.0,0.0,59.0,1.0,100.0,0.0,2.0
44.0,72.0,69.0,100.0,100.0,86.0,67.0,61.0,76.0,49.0,77.0,13.0,37.0,0.0,0.0,19.0,3.0
2.0,79.0,48.0,100.0,77.0,83.0,60.0,53.0,100.0,28.0,83.0,0.0,23.0,1.0,0.0,30.0,3.0
34.0,91.0,0.0,98.0,42.0,100.0,83.0,94.0,100.0,71.0,86.0,46.0,62.0,23.0,46.0,0.0,7.0
34.0,100.0,16.0,50.0,59.0,40.0,33.0,0.0,0.0,14.0,10.0,70.0,48.0,95.0,100.0,94.0,5.0
69.0,65.0,10.0,59.0,0.0,88.0,54.0,100.0,100.0,80.0,94.0,49.0,61.0,22.0,14.0,0.0,9.0
30.0,59.0,46.0,100.0,49.0,47.0,27.0,5.0,0.0,7.0,33.0,16.0,66.0,0.0,100.0,4.0,2.0
0.0,100.0,27.0,100.0,64.0,99.0,100.0,96.0,78.0,73.0,50.0,47.0,33.0,13.0,36.0,0.0,7.0
22.0,94.0,26.0,62.0,64.0,31.0,34.0,0.0,0.0,27.0,5.0,72.0,41.0,100.0,100.0,97.0,5.0
25.0,72.0,59.0,100.0,56.0,90.0,52.0,53.0,41.0,16.0,0.0,0.0,45.0,2.0,100.0,2.0,1.0
7.0,72.0,77.0,75.0,76.0,100.0,0.0,81.0,18.0,61.0,100.0,74.0,69.0,40.0,50.0,0.0,9.0
28.0,94.0,42.0,57.0,42.0,18.0,2.0,0.0,0.0,37.0,16.0,78.0,56.0,95.0,100.0,100.0,5.0
41.0,80.0,54.0,100.0,92.0,83.0,76.0,49.0,43.0,19.0,0.0,0.0,43.0,17.0,100.0,2.0,2.0
0.0,93.0,57.0,100.0,97.0,75.0,91.0,37.0,82.0,0.0,53.0,16.0,32.0,41.0,100.0,45.0,7.0
76.0,81.0,25.0,100.0,35.0,64.0,94.0,31.0,75.0,0.0,0.0,22.0,28.0,58.0,100.0,88.0,8.0
58.0,100.0,18.0,84.0,0.0,41.0,11.0,0.0,58.0,0.0,100.0,20.0,96.0,61.0,64.0,96.0,0.0
65.0,90.0,97.0,100.0,95.0,73.0,72.0,48.0,39.0,25.0,0.0,5.0,43.0,0.0,100.0,0.0,2.0
19.0,100.0,95.0,100.0,100.0,72.0,73.0,43.0,49.0,13.0,33.0,0.0,0.0,25.0,75.0,32.0,7.0
12.0,100.0,7.0,80.0,0.0,60.0,3.0,39.0,36.0,23.0,86.0,34.0,88.0,20.0,100.0,0.0,4.0
59.0,85.0,4.0,100.0,49.0,50.0,94.0,0.0,0.0,24.0,49.0,56.0,100.0,88.0,4.0,90.0,8.0
67.0,96.0,20.0,100.0,21.0,59.0,41.0,20.0,11.0,0.0,0.0,35.0,48.0,65.0,100.0,93.0,8.0
0.0,90.0,15.0,100.0,24.0,67.0,11.0,34.0,2.0,11.0,35.0,5.0,67.0,2.0,100.0,0.0,2.0
11.0,100.0,0.0,78.0,0.0,56.0,39.0,40.0,100.0,50.0,91.0,43.0,75.0,22.0,80.0,0.0,4.0
0.0,91.0,44.0,100.0,80.0,78.0,75.0,38.0,58.0,0.0,48.0,9.0,52.0,40.0,100.0,40.0,7.0
100.0,100.0,56.0,80.0,23.0,54.0,0.0,25.0,19.0,0.0,77.0,5.0,70.0,22.0,11.0,16.0,6.0
100.0,100.0,0.0,86.0,0.0,72.0,0.0,57.0,0.0,43.0,0.0,28.0,50.0,14.0,50.0,0.0,1.0
72.0,97.0,23.0,80.0,0.0,37.0,22.0,0.0,76.0,18.0,100.0,61.0,79.0,100.0,24.0,93.0,0.0
80.0,100.0,29.0,84.0,0.0,47.0,7.0,8.0,79.0,7.0,100.0,41.0,30.0,35.0,20.0,0.0,6.0
23.0,59.0,26.0,100.0,64.0,98.0,58.0,57.0,33.0,20.0,0.0,0.0,50.0,10.0,100.0,5.0,2.0
0.0,79.0,26.0,100.0,55.0,76.0,37.0,31.0,16.0,0.0,11.0,40.0,55.0,52.0,100.0,62.0,7.0
0.0,82.0,32.0,75.0,70.0,88.0,100.0,100.0,89.0,75.0,75.0,50.0,61.0,25.0,54.0,0.0,1.0
44.0,74.0,53.0,100.0,50.0,73.0,46.0,42.0,44.0,10.0,0.0,0.0,35.0,5.0,100.0,7.0,1.0
8.0,44.0,0.0,66.0,50.0,89.0,100.0,100.0,83.0,75.0,61.0,50.0,56.0,25.0,61.0,0.0,1.0
71.0,100.0,34.0,74.0,11.0,42.0,24.0,9.0,76.0,0.0,100.0,22.0,45.0,24.0,0.0,6.0,6.0
68.0,87.0,73.0,77.0,84.0,100.0,51.0,84.0,98.0,58.0,100.0,16.0,46.0,0.0,0.0,6.0,9.0
36.0,97.0,0.0,59.0,9.0,14.0,61.0,0.0,99.0,34.0,100.0,81.0,53.0,100.0,5.0,73.0,0.0
32.0,74.0,8.0,39.0,27.0,0.0,73.0,11.0,100.0,48.0,82.0,89.0,37.0,100.0,0.0,74.0,0.0
61.0,85.0,74.0,100.0,92.0,77.0,65.0,54.0,91.0,38.0,100.0,14.0,54.0,0.0,0.0,4.0,3.0
27.0,82.0,52.0,100.0,62.0,72.0,32.0,45.0,0.0,20.0,11.0,0.0,55.0,2.0,100.0,6.0,2.0
100.0,100.0,54.0,80.0,24.0,55.0,0.0,28.0,0.0,0.0,57.0,1.0,61.0,22.0,0.0,15.0,6.0
1.0,92.0,38.0,100.0,52.0,72.0,29.0,41.0,0.0,14.0,9.0,0.0,54.0,3.0,100.0,5.0,2.0
72.0,100.0,27.0,81.0,0.0,47.0,6.0,9.0,56.0,0.0,100.0,19.0,63.0,30.0,16.0,14.0,6.0
5.0,28.0,50.0,60.0,69.0,100.0,17.0,90.0,60.0,58.0,100.0,24.0,49.0,0.0,0.0,22.0,8.0
0.0,73.0,36.0,77.0,81.0,98.0,100.0,100.0,92.0,75.0,84.0,49.0,78.0,23.0,93.0,0.0,1.0
92.0,100.0,8.0,87.0,54.0,50.0,100.0,15.0,0.0,0.0,5.0,37.0,64.0,73.0,48.0,99.0,8.0
58.0,86.0,82.0,100.0,100.0,80.0,73.0,60.0,84.0,36.0,75.0,16.0,37.0,9.0,0.0,0.0,3.0
0.0,55.0,41.0,76.0,63.0,100.0,69.0,92.0,71.0,68.0,78.0,43.0,88.0,18.0,100.0,0.0,1.0
3.0,100.0,0.0,81.0,3.0,55.0,33.0,34.0,84.0,36.0,100.0,50.0,86.0,25.0,97.0,0.0,4.0
0.0,80.0,38.0,100.0,66.0,71.0,57.0,34.0,38.0,0.0,31.0,31.0,46.0,57.0,100.0,68.0,7.0
8.0,72.0,0.0,36.0,26.0,0.0,74.0,3.0,100.0,40.0,85.0,83.0,43.0,100.0,14.0,66.0,0.0
26.0,64.0,22.0,30.0,55.0,0.0,97.0,23.0,100.0,64.0,74.0,100.0,23.0,91.0,0.0,54.0,0.0
31.0,81.0,70.0,98.0,100.0,100.0,58.0,87.0,42.0,58.0,78.0,32.0,42.0,9.0,0.0,0.0,5.0
83.0,100.0,41.0,73.0,11.0,42.0,2.0,8.0,59.0,0.0,100.0,25.0,43.0,28.0,0.0,7.0,6.0
58.0,100.0,17.0,83.0,0.0,41.0,18.0,0.0,75.0,5.0,100.0,45.0,89.0,87.0,34.0,88.0,0.0
68.0,100.0,11.0,89.0,59.0,45.0,61.0,0.0,0.0,17.0,65.0,55.0,100.0,100.0,18.0,98.0,8.0
91.0,90.0,59.0,64.0,50.0,16.0,0.0,0.0,21.0,44.0,94.0,73.0,100.0,100.0,11.0,92.0,8.0
57.0,92.0,18.0,72.0,42.0,30.0,7.0,0.0,0.0,39.0,50.0,69.0,100.0,99.0,43.0,100.0,8.0
78.0,62.0,60.0,100.0,12.0,65.0,94.0,32.0,100.0,0.0,0.0,14.0,60.0,53.0,72.0,83.0,8.0
68.0,100.0,44.0,64.0,0.0,36.0,42.0,38.0,100.0,41.0,86.0,73.0,59.0,38.0,52.0,0.0,4.0
28.0,72.0,60.0,100.0,88.0,73.0,56.0,37.0,9.0,14.0,0.0,14.0,52.0,0.0,100.0,5.0,2.0
43.0,84.0,36.0,63.0,100.0,38.0,75.0,0.0,33.0,24.0,61.0,66.0,61.0,100.0,0.0,73.0,8.0
90.0,82.0,4.0,94.0,44.0,49.0,62.0,0.0,0.0,7.0,49.0,50.0,100.0,92.0,21.0,100.0,8.0
0.0,63.0,36.0,100.0,81.0,93.0,66.0,44.0,30.0,5.0,0.0,0.0,47.0,19.0,100.0,10.0,2.0
32.0,74.0,61.0,100.0,59.0,82.0,53.0,36.0,35.0,1.0,0.0,0.0,50.0,3.0,100.0,1.0,1.0
0.0,38.0,29.0,61.0,63.0,80.0,95.0,100.0,100.0,87.0,81.0,59.0,62.0,29.0,47.0,0.0,1.0
27.0,73.0,15.0,37.0,41.0,0.0,81.0,7.0,100.0,50.0,78.0,92.0,37.0,100.0,0.0,77.0,0.0
0.0,92.0,46.0,100.0,82.0,76.0,70.0,38.0,50.0,0.0,31.0,10.0,48.0,34.0,100.0,36.0,7.0
0.0,97.0,41.0,100.0,59.0,52.0,45.0,0.0,17.0,9.0,5.0,45.0,52.0,44.0,100.0,39.0,7.0
21.0,80.0,29.0,47.0,85.0,44.0,62.0,0.0,20.0,19.0,0.0,67.0,37.0,100.0,100.0,98.0,5.0
40.0,100.0,3.0,69.0,0.0,25.0,44.0,0.0,91.0,26.0,100.0,69.0,60.0,100.0,8.0,84.0,0.0
98.0,76.0,59.0,100.0,16.0,76.0,74.0,42.0,77.0,0.0,0.0,9.0,31.0,48.0,100.0,76.0,8.0
100.0,100.0,68.0,79.0,45.0,57.0,28.0,34.0,22.0,11.0,72.0,0.0,62.0,18.0,0.0,20.0,6.0
0.0,91.0,38.0,100.0,81.0,91.0,67.0,62.0,100.0,40.0,98.0,16.0,51.0,5.0,0.0,0.0,3.0
0.0,67.0,39.0,83.0,80.0,100.0,100.0,93.0,96.0,70.0,93.0,46.0,91.0,23.0,89.0,0.0,1.0
16.0,83.0,60.0,100.0,100.0,80.0,71.0,53.0,72.0,45.0,96.0,22.0,49.0,0.0,0.0,3.0,3.0
0.0,93.0,51.0,100.0,100.0,84.0,75.0,42.0,50.0,0.0,30.0,1.0,36.0,28.0,94.0,29.0,7.0
0.0,88.0,48.0,98.0,100.0,100.0,80.0,67.0,46.0,34.0,13.0,0.0,24.0,32.0,77.0,41.0,7.0
0.0,94.0,39.0,100.0,54.0,63.0,55.0,20.0,47.0,0.0,19.0,32.0,58.0,35.0,100.0,36.0,7.0
83.0,71.0,75.0,100.0,31.0,85.0,72.0,74.0,100.0,62.0,86.0,26.0,51.0,0.0,0.0,5.0,9.0
0.0,63.0,63.0,33.0,72.0,0.0,20.0,9.0,58.0,42.0,100.0,74.0,56.0,100.0,7.0,71.0,8.0
84.0,100.0,53.0,78.0,18.0,50.0,0.0,20.0,39.0,0.0,100.0,14.0,70.0,37.0,3.0,34.0,6.0
13.0,81.0,24.0,100.0,89.0,97.0,100.0,75.0,63.0,52.0,97.0,22.0,55.0,0.0,0.0,12.0,3.0
61.0,100.0,28.0,73.0,11.0,44.0,19.0,12.0,70.0,0.0,100.0,22.0,49.0,36.0,0.0,21.0,6.0
13.0,96.0,55.0,100.0,100.0,74.0,65.0,37.0,27.0,0.0,0.0,23.0,4.0,51.0,96.0,55.0,7.0
9.0,63.0,66.0,39.0,77.0,0.0,0.0,4.0,41.0,41.0,100.0,75.0,77.0,100.0,0.0,77.0,8.0
28.0,68.0,37.0,100.0,96.0,94.0,82.0,47.0,66.0,0.0,100.0,6.0,46.0,36.0,0.0,70.0,8.0
71.0,95.0,25.0,88.0,0.0,43.0,15.0,0.0,64.0,11.0,100.0,50.0,87.0,95.0,38.0,100.0,0.0
2.0,83.0,32.0,100.0,69.0,84.0,41.0,59.0,76.0,40.0,100.0,15.0,54.0,0.0,0.0,10.0,3.0
55.0,100.0,16.0,89.0,0.0,59.0,4.0,28.0,34.0,0.0,100.0,1.0,90.0,25.0,32.0,10.0,6.0
100.0,84.0,92.0,100.0,40.0,74.0,1.0,40.0,6.0,0.0,67.0,3.0,58.0,39.0,0.0,43.0,6.0
70.0,100.0,21.0,78.0,0.0,40.0,11.0,0.0,65.0,6.0,94.0,43.0,100.0,82.0,45.0,88.0,0.0
100.0,100.0,63.0,99.0,29.0,74.0,3.0,43.0,0.0,6.0,41.0,0.0,66.0,22.0,25.0,31.0,6.0
0.0,55.0,58.0,77.0,100.0,100.0,89.0,97.0,63.0,73.0,37.0,49.0,11.0,24.0,0.0,0.0,1.0
5.0,91.0,0.0,52.0,14.0,13.0,61.0,0.0,97.0,30.0,100.0,70.0,66.0,100.0,14.0,98.0,0.0
28.0,81.0,60.0,100.0,100.0,85.0,81.0,57.0,95.0,39.0,91.0,12.0,44.0,0.0,0.0,11.0,3.0
0.0,87.0,56.0,100.0,80.0,70.0,62.0,35.0,56.0,0.0,11.0,28.0,11.0,43.0,100.0,49.0,7.0
53.0,73.0,69.0,100.0,100.0,84.0,78.0,53.0,73.0,44.0,90.0,16.0,46.0,0.0,0.0,12.0,3.0
13.0,79.0,31.0,100.0,73.0,82.0,59.0,45.0,17.0,19.0,0.0,23.0,53.0,17.0,100.0,0.0,2.0
13.0,83.0,0.0,61.0,4.0,15.0,54.0,0.0,98.0,28.0,100.0,73.0,55.0,100.0,16.0,71.0,0.0
31.0,100.0,12.0,65.0,0.0,26.0,28.0,0.0,71.0,22.0,100.0,55.0,93.0,92.0,44.0,89.0,0.0
36.0,63.0,52.0,100.0,52.0,48.0,29.0,6.0,0.0,0.0,30.0,15.0,65.0,3.0,100.0,1.0,2.0
0.0,93.0,38.0,100.0,96.0,95.0,100.0,57.0,78.0,20.0,57.0,0.0,23.0,32.0,74.0,38.0,7.0
0.0,100.0,13.0,72.0,87.0,78.0,58.0,97.0,49.0,80.0,100.0,58.0,70.0,29.0,47.0,0.0,9.0
11.0,70.0,0.0,31.0,32.0,0.0,89.0,9.0,100.0,47.0,78.0,84.0,27.0,100.0,2.0,66.0,0.0
64.0,100.0,41.0,71.0,5.0,43.0,0.0,36.0,57.0,36.0,100.0,49.0,88.0,36.0,87.0,0.0,4.0
49.0,62.0,71.0,100.0,100.0,81.0,83.0,39.0,57.0,1.0,78.0,0.0,51.0,33.0,0.0,49.0,8.0
53.0,100.0,41.0,90.0,15.0,66.0,0.0,40.0,46.0,29.0,100.0,30.0,92.0,24.0,93.0,0.0,4.0
59.0,77.0,60.0,44.0,69.0,0.0,0.0,6.0,36.0,43.0,100.0,72.0,96.0,100.0,31.0,75.0,8.0
11.0,77.0,84.0,63.0,79.0,100.0,0.0,83.0,56.0,67.0,100.0,56.0,87.0,7.0,1.0,0.0,9.0
28.0,75.0,42.0,100.0,87.0,95.0,68.0,61.0,87.0,42.0,100.0,10.0,51.0,0.0,0.0,12.0,3.0
100.0,100.0,46.0,82.0,13.0,54.0,0.0,23.0,38.0,0.0,99.0,11.0,68.0,35.0,1.0,30.0,6.0
17.0,83.0,62.0,73.0,100.0,99.0,14.0,100.0,47.0,79.0,98.0,56.0,56.0,26.0,0.0,0.0,9.0
20.0,100.0,18.0,81.0,3.0,50.0,0.0,30.0,61.0,29.0,100.0,45.0,87.0,26.0,86.0,0.0,4.0
0.0,83.0,50.0,100.0,92.0,75.0,66.0,38.0,36.0,0.0,34.0,6.0,28.0,34.0,100.0,36.0,7.0
14.0,100.0,75.0,97.0,74.0,99.0,21.0,80.0,42.0,52.0,100.0,24.0,51.0,0.0,0.0,23.0,5.0
100.0,85.0,67.0,100.0,56.0,66.0,96.0,79.0,90.0,65.0,86.0,28.0,54.0,0.0,0.0,11.0,9.0
35.0,80.0,73.0,100.0,95.0,84.0,55.0,62.0,100.0,44.0,97.0,14.0,49.0,0.0,0.0,9.0,3.0
22.0,100.0,0.0,54.0,18.0,10.0,100.0,14.0,94.0,56.0,63.0,100.0,59.0,50.0,60.0,0.0,4.0
99.0,100.0,76.0,84.0,40.0,56.0,14.0,24.0,46.0,0.0,100.0,13.0,57.0,31.0,0.0,23.0,6.0
64.0,100.0,26.0,89.0,0.0,62.0,50.0,52.0,100.0,71.0,76.0,56.0,47.0,28.0,27.0,0.0,4.0
87.0,95.0,28.0,76.0,0.0,37.0,18.0,0.0,77.0,23.0,100.0,64.0,74.0,100.0,23.0,75.0,0.0
0.0,86.0,22.0,100.0,49.0,92.0,46.0,63.0,35.0,35.0,45.0,9.0,72.0,1.0,100.0,0.0,2.0
13.0,67.0,0.0,93.0,78.0,100.0,100.0,71.0,60.0,41.0,9.0,15.0,9.0,0.0,89.0,6.0,2.0
45.0,100.0,4.0,75.0,0.0,47.0,80.0,39.0,100.0,64.0,82.0,57.0,66.0,28.0,68.0,0.0,4.0
0.0,67.0,30.0,79.0,83.0,98.0,100.0,100.0,85.0,75.0,70.0,50.0,55.0,25.0,40.0,0.0,1.0
100.0,100.0,53.0,80.0,22.0,50.0,5.0,16.0,46.0,0.0,92.0,19.0,51.0,33.0,0.0,19.0,6.0
100.0,100.0,59.0,81.0,29.0,55.0,4.0,26.0,11.0,0.0,60.0,12.0,51.0,30.0,0.0,21.0,6.0
92.0,77.0,88.0,100.0,46.0,83.0,79.0,69.0,100.0,54.0,97.0,18.0,53.0,0.0,0.0,6.0,9.0
52.0,86.0,27.0,100.0,0.0,73.0,56.0,73.0,100.0,85.0,87.0,48.0,58.0,14.0,5.0,0.0,9.0
12.0,96.0,3.0,66.0,76.0,40.0,64.0,0.0,16.0,17.0,0.0,60.0,7.0,98.0,100.0,100.0,5.0
0.0,79.0,6.0,64.0,41.0,51.0,84.0,21.0,23.0,0.0,16.0,51.0,25.0,100.0,100.0,94.0,5.0
0.0,57.0,35.0,95.0,100.0,100.0,95.0,57.0,53.0,19.0,43.0,0.0,60.0,38.0,0.0,63.0,8.0
100.0,100.0,76.0,78.0,53.0,57.0,33.0,35.0,24.0,12.0,59.0,0.0,53.0,19.0,0.0,21.0,6.0
100.0,100.0,21.0,84.0,41.0,44.0,79.0,6.0,0.0,0.0,33.0,39.0,80.0,76.0,49.0,97.0,8.0
40.0,80.0,61.0,100.0,77.0,76.0,65.0,54.0,100.0,40.0,86.0,13.0,46.0,0.0,0.0,1.0,3.0
0.0,89.0,10.0,100.0,46.0,82.0,11.0,58.0,32.0,50.0,94.0,43.0,100.0,18.0,52.0,0.0,3.0
33.0,89.0,19.0,50.0,35.0,8.0,78.0,0.0,100.0,38.0,85.0,80.0,45.0,100.0,0.0,88.0,0.0
33.0,45.0,75.0,70.0,79.0,100.0,72.0,44.0,100.0,10.0,94.0,9.0,37.0,8.0,0.0,0.0,1.0
36.0,72.0,47.0,100.0,78.0,76.0,55.0,38.0,17.0,8.0,0.0,5.0,50.0,13.0,100.0,0.0,2.0
48.0,89.0,100.0,100.0,62.0,92.0,23.0,66.0,58.0,55.0,92.0,36.0,51.0,13.0,0.0,0.0,5.0
99.0,80.0,77.0,100.0,28.0,81.0,60.0,62.0,100.0,70.0,84.0,33.0,55.0,0.0,0.0,4.0,9.0
0.0,74.0,28.0,100.0,50.0,76.0,29.0,38.0,1.0,8.0,26.0,0.0,63.0,0.0,100.0,3.0,2.0
0.0,94.0,62.0,100.0,83.0,71.0,66.0,35.0,47.0,0.0,10.0,20.0,25.0,38.0,100.0,39.0,7.0
51.0,86.0,45.0,100.0,9.0,51.0,13.0,0.0,69.0,22.0,100.0,71.0,54.0,95.0,0.0,68.0,0.0
24.0,97.0,28.0,66.0,80.0,41.0,71.0,0.0,0.0,9.0,7.0,51.0,26.0,92.0,100.0,100.0,5.0
36.0,77.0,65.0,100.0,100.0,83.0,74.0,52.0,80.0,41.0,88.0,14.0,44.0,0.0,0.0,10.0,3.0
55.0,100.0,26.0,83.0,0.0,59.0,37.0,39.0,96.0,44.0,100.0,53.0,87.0,26.0,71.0,0.0,4.0
79.0,70.0,18.0,71.0,38.0,100.0,72.0,80.0,85.0,48.0,100.0,16.0,57.0,0.0,0.0,15.0,9.0
52.0,95.0,0.0,83.0,42.0,41.0,81.0,0.0,1.0,2.0,44.0,39.0,100.0,75.0,50.0,100.0,8.0
32.0,63.0,76.0,31.0,50.0,0.0,0.0,14.0,50.0,44.0,100.0,73.0,78.0,100.0,24.0,75.0,8.0
0.0,57.0,57.0,79.0,83.0,100.0,60.0,76.0,62.0,52.0,68.0,27.0,66.0,2.0,100.0,0.0,1.0
13.0,93.0,56.0,60.0,100.0,25.0,35.0,0.0,8.0,29.0,60.0,63.0,81.0,100.0,0.0,98.0,8.0
47.0,96.0,35.0,62.0,44.0,18.0,5.0,0.0,0.0,29.0,18.0,71.0,56.0,91.0,100.0,100.0,5.0
12.0,80.0,48.0,100.0,83.0,73.0,22.0,55.0,71.0,45.0,100.0,15.0,40.0,0.0,0.0,17.0,3.0
55.0,100.0,23.0,73.0,0.0,41.0,4.0,7.0,55.0,0.0,100.0,19.0,68.0,36.0,31.0,15.0,6.0
69.0,100.0,21.0,76.0,0.0,36.0,25.0,0.0,76.0,21.0,100.0,60.0,78.0,97.0,26.0,80.0,0.0
77.0,100.0,0.0,87.0,36.0,41.0,60.0,0.0,6.0,19.0,70.0,56.0,100.0,97.0,12.0,90.0,8.0
5.0,89.0,0.0,54.0,40.0,35.0,45.0,0.0,11.0,22.0,9.0,70.0,44.0,96.0,100.0,100.0,5.0
0.0,95.0,26.0,100.0,43.0,75.0,34.0,43.0,21.0,15.0,42.0,0.0,71.0,0.0,100.0,1.0,2.0
0.0,95.0,39.0,100.0,74.0,76.0,82.0,33.0,76.0,0.0,100.0,37.0,59.0,47.0,16.0,48.0,7.0
60.0,100.0,46.0,57.0,0.0,23.0,27.0,14.0,100.0,14.0,98.0,57.0,80.0,43.0,82.0,0.0,4.0
0.0,61.0,14.0,18.0,63.0,0.0,100.0,33.0,89.0,80.0,45.0,100.0,14.0,62.0,18.0,16.0,0.0
45.0,100.0,30.0,79.0,0.0,47.0,8.0,41.0,68.0,38.0,100.0,52.0,96.0,35.0,91.0,0.0,4.0
87.0,100.0,36.0,71.0,85.0,35.0,52.0,0.0,0.0,13.0,51.0,49.0,100.0,85.0,44.0,97.0,8.0
77.0,100.0,40.0,80.0,75.0,71.0,100.0,94.0,89.0,66.0,81.0,38.0,47.0,15.0,0.0,0.0,9.0
52.0,100.0,48.0,66.0,91.0,45.0,48.0,10.0,0.0,0.0,20.0,49.0,39.0,98.0,100.0,100.0,5.0
3.0,100.0,0.0,83.0,2.0,53.0,49.0,40.0,100.0,52.0,92.0,57.0,71.0,29.0,60.0,0.0,4.0
93.0,75.0,80.0,100.0,0.0,74.0,51.0,38.0,96.0,4.0,6.0,0.0,32.0,43.0,100.0,79.0,8.0
75.0,100.0,0.0,88.0,54.0,58.0,100.0,24.0,44.0,0.0,2.0,29.0,41.0,65.0,22.0,96.0,8.0
28.0,64.0,39.0,100.0,78.0,98.0,62.0,61.0,30.0,31.0,0.0,13.0,51.0,10.0,100.0,0.0,2.0
19.0,86.0,9.0,55.0,13.0,16.0,60.0,0.0,96.0,33.0,100.0,72.0,57.0,100.0,0.0,82.0,0.0
40.0,56.0,100.0,92.0,26.0,100.0,15.0,51.0,77.0,9.0,0.0,0.0,16.0,46.0,100.0,80.0,8.0
0.0,66.0,21.0,72.0,65.0,88.0,100.0,100.0,94.0,75.0,87.0,49.0,79.0,23.0,79.0,0.0,1.0
38.0,77.0,86.0,97.0,100.0,100.0,41.0,92.0,23.0,56.0,80.0,44.0,56.0,12.0,0.0,0.0,5.0
100.0,93.0,34.0,100.0,0.0,73.0,64.0,71.0,87.0,94.0,74.0,62.0,64.0,31.0,62.0,0.0,9.0
43.0,92.0,70.0,100.0,68.0,66.0,39.0,37.0,0.0,18.0,17.0,34.0,56.0,13.0,100.0,0.0,2.0
76.0,76.0,47.0,100.0,0.0,84.0,48.0,66.0,83.0,68.0,100.0,33.0,87.0,0.0,26.0,0.0,9.0
16.0,100.0,8.0,83.0,0.0,52.0,40.0,40.0,88.0,55.0,100.0,57.0,75.0,29.0,60.0,0.0,4.0
4.0,86.0,38.0,100.0,44.0,74.0,24.0,47.0,0.0,20.0,21.0,1.0,60.0,0.0,100.0,1.0,2.0
71.0,73.0,92.0,100.0,18.0,81.0,25.0,45.0,45.0,9.0,0.0,0.0,18.0,33.0,100.0,52.0,8.0
25.0,100.0,45.0,97.0,24.0,63.0,0.0,29.0,43.0,14.0,91.0,37.0,89.0,34.0,100.0,0.0,4.0
0.0,94.0,48.0,100.0,85.0,80.0,78.0,41.0,75.0,0.0,96.0,1.0,100.0,32.0,45.0,37.0,7.0
100.0,100.0,60.0,91.0,31.0,69.0,12.0,44.0,4.0,17.0,34.0,0.0,46.0,20.0,0.0,21.0,6.0
0.0,78.0,44.0,100.0,68.0,85.0,66.0,46.0,80.0,8.0,100.0,0.0,38.0,2.0,1.0,7.0,1.0
16.0,78.0,44.0,100.0,95.0,95.0,75.0,66.0,51.0,43.0,100.0,31.0,59.0,9.0,0.0,0.0,3.0
0.0,98.0,72.0,100.0,97.0,82.0,55.0,43.0,31.0,0.0,24.0,2.0,16.0,39.0,100.0,41.0,7.0
15.0,71.0,38.0,100.0,73.0,89.0,59.0,56.0,30.0,28.0,0.0,0.0,49.0,5.0,100.0,17.0,2.0
0.0,87.0,31.0,100.0,59.0,74.0,57.0,33.0,44.0,0.0,27.0,37.0,57.0,47.0,100.0,49.0,7.0
0.0,92.0,55.0,100.0,68.0,67.0,55.0,32.0,42.0,0.0,2.0,28.0,35.0,44.0,100.0,50.0,7.0
32.0,65.0,44.0,100.0,89.0,80.0,81.0,39.0,46.0,5.0,0.0,1.0,48.0,24.0,100.0,0.0,2.0
11.0,100.0,66.0,96.0,80.0,65.0,68.0,31.0,60.0,0.0,100.0,25.0,56.0,42.0,0.0,50.0,7.0
68.0,89.0,17.0,100.0,28.0,63.0,72.0,28.0,36.0,0.0,0.0,32.0,47.0,64.0,100.0,95.0,8.0
0.0,82.0,37.0,100.0,65.0,73.0,54.0,36.0,42.0,0.0,16.0,32.0,48.0,42.0,100.0,44.0,7.0
59.0,100.0,12.0,74.0,0.0,32.0,31.0,0.0,84.0,21.0,100.0,60.0,69.0,96.0,16.0,86.0,0.0
78.0,71.0,36.0,71.0,20.0,95.0,75.0,100.0,100.0,74.0,78.0,46.0,40.0,21.0,0.0,0.0,9.0
35.0,96.0,12.0,50.0,51.0,38.0,52.0,0.0,0.0,2.0,10.0,53.0,37.0,95.0,100.0,100.0,5.0
40.0,100.0,21.0,86.0,0.0,49.0,2.0,10.0,53.0,0.0,100.0,19.0,61.0,33.0,14.0,16.0,6.0
11.0,17.0,54.0,54.0,99.0,92.0,42.0,100.0,31.0,64.0,100.0,35.0,75.0,0.0,0.0,13.0,8.0
52.0,68.0,94.0,100.0,84.0,99.0,70.0,58.0,58.0,17.0,0.0,0.0,22.0,1.0,100.0,5.0,1.0
31.0,100.0,17.0,75.0,0.0,44.0,2.0,15.0,60.0,20.0,100.0,43.0,80.0,31.0,80.0,0.0,4.0
0.0,62.0,42.0,79.0,79.0,100.0,100.0,98.0,85.0,73.0,69.0,48.0,52.0,23.0,27.0,0.0,1.0
56.0,100.0,6.0,76.0,0.0,55.0,78.0,62.0,100.0,84.0,68.0,57.0,44.0,29.0,32.0,0.0,4.0
90.0,100.0,52.0,75.0,26.0,48.0,11.0,19.0,49.0,0.0,100.0,18.0,38.0,24.0,0.0,2.0,6.0
0.0,92.0,38.0,100.0,80.0,86.0,66.0,44.0,60.0,0.0,45.0,4.0,53.0,31.0,100.0,29.0,7.0
85.0,100.0,49.0,81.0,17.0,60.0,0.0,38.0,60.0,32.0,100.0,43.0,70.0,22.0,55.0,0.0,4.0
66.0,76.0,78.0,49.0,100.0,88.0,50.0,100.0,70.0,66.0,86.0,45.0,60.0,0.0,0.0,6.0,9.0
0.0,83.0,38.0,100.0,79.0,90.0,77.0,47.0,74.0,4.0,62.0,0.0,54.0,32.0,100.0,39.0,7.0
25.0,94.0,0.0,52.0,12.0,7.0,64.0,0.0,100.0,36.0,90.0,80.0,40.0,100.0,0.0,71.0,0.0
14.0,95.0,50.0,100.0,54.0,69.0,39.0,39.0,11.0,12.0,0.0,1.0,50.0,10.0,100.0,0.0,2.0
32.0,89.0,14.0,91.0,0.0,44.0,15.0,1.0,62.0,0.0,100.0,28.0,85.0,73.0,45.0,100.0,0.0
41.0,80.0,73.0,100.0,92.0,76.0,57.0,50.0,100.0,40.0,86.0,9.0,37.0,0.0,0.0,23.0,3.0
0.0,75.0,25.0,100.0,90.0,83.0,45.0,56.0,59.0,47.0,100.0,18.0,43.0,0.0,6.0,19.0,3.0
0.0,52.0,28.0,69.0,58.0,84.0,89.0,100.0,100.0,95.0,83.0,65.0,68.0,33.0,64.0,0.0,1.0
53.0,97.0,0.0,72.0,66.0,38.0,95.0,0.0,29.0,15.0,71.0,55.0,100.0,98.0,15.0,100.0,8.0
40.0,81.0,69.0,100.0,97.0,80.0,66.0,55.0,100.0,41.0,100.0,15.0,53.0,0.0,0.0,0.0,3.0
26.0,93.0,0.0,54.0,16.0,2.0,62.0,0.0,100.0,34.0,85.0,86.0,40.0,100.0,6.0,65.0,0.0
90.0,52.0,79.0,100.0,0.0,99.0,19.0,50.0,66.0,4.0,16.0,0.0,34.0,51.0,100.0,86.0,8.0
42.0,66.0,54.0,100.0,81.0,83.0,57.0,48.0,24.0,19.0,0.0,12.0,50.0,9.0,100.0,0.0,2.0
62.0,94.0,39.0,100.0,7.0,69.0,0.0,34.0,33.0,3.0,100.0,1.0,70.0,19.0,13.0,0.0,6.0
100.0,100.0,46.0,80.0,11.0,53.0,0.0,23.0,39.0,0.0,100.0,12.0,73.0,33.0,7.0,25.0,6.0
1.0,67.0,44.0,100.0,100.0,75.0,64.0,36.0,17.0,0.0,100.0,18.0,42.0,52.0,0.0,88.0,8.0
0.0,90.0,42.0,99.0,94.0,100.0,96.0,63.0,84.0,22.0,68.0,0.0,47.0,27.0,100.0,25.0,7.0
41.0,80.0,60.0,100.0,100.0,97.0,98.0,73.0,94.0,48.0,75.0,26.0,42.0,9.0,0.0,0.0,3.0
39.0,90.0,79.0,100.0,100.0,77.0,80.0,52.0,43.0,30.0,0.0,11.0,28.0,0.0,89.0,5.0,2.0
10.0,87.0,17.0,58.0,88.0,50.0,86.0,0.0,17.0,6.0,0.0,58.0,21.0,92.0,100.0,100.0,5.0
0.0,45.0,29.0,67.0,62.0,89.0,100.0,100.0,84.0,75.0,65.0,50.0,53.0,26.0,49.0,0.0,1.0
23.0,93.0,1.0,59.0,16.0,19.0,64.0,0.0,100.0,29.0,94.0,72.0,52.0,100.0,0.0,90.0,0.0
96.0,100.0,51.0,75.0,19.0,48.0,0.0,19.0,41.0,0.0,100.0,17.0,81.0,43.0,8.0,42.0,6.0
50.0,100.0,15.0,65.0,1.0,23.0,46.0,0.0,97.0,27.0,100.0,69.0,54.0,100.0,0.0,84.0,0.0
69.0,70.0,61.0,100.0,2.0,84.0,23.0,41.0,48.0,0.0,0.0,23.0,43.0,59.0,100.0,84.0,8.0
0.0,81.0,30.0,100.0,78.0,93.0,62.0,65.0,28.0,42.0,7.0,14.0,48.0,1.0,100.0,0.0,2.0
56.0,100.0,19.0,76.0,0.0,37.0,13.0,0.0,66.0,9.0,100.0,41.0,94.0,80.0,44.0,84.0,0.0
68.0,82.0,38.0,65.0,74.0,27.0,34.0,0.0,0.0,33.0,53.0,66.0,100.0,100.0,16.0,95.0,8.0
35.0,84.0,63.0,100.0,92.0,81.0,65.0,54.0,32.0,30.0,0.0,6.0,48.0,1.0,100.0,0.0,2.0
0.0,87.0,40.0,100.0,100.0,98.0,89.0,60.0,78.0,21.0,62.0,0.0,25.0,31.0,61.0,45.0,7.0
39.0,94.0,47.0,100.0,47.0,61.0,26.0,23.0,3.0,0.0,0.0,39.0,50.0,50.0,100.0,63.0,7.0
44.0,86.0,77.0,100.0,100.0,85.0,78.0,63.0,63.0,40.0,70.0,14.0,39.0,0.0,0.0,2.0,3.0
3.0,94.0,0.0,100.0,76.0,100.0,100.0,92.0,64.0,70.0,39.0,46.0,26.0,21.0,33.0,0.0,7.0
85.0,96.0,38.0,77.0,100.0,40.0,68.0,0.0,0.0,20.0,51.0,59.0,98.0,100.0,32.0,86.0,8.0
100.0,100.0,44.0,99.0,6.0,73.0,15.0,48.0,65.0,60.0,85.0,26.0,49.0,0.0,0.0,12.0,5.0
100.0,100.0,42.0,89.0,26.0,74.0,11.0,59.0,5.0,45.0,0.0,29.0,0.0,14.0,21.0,0.0,1.0
42.0,100.0,20.0,71.0,100.0,84.0,20.0,97.0,0.0,48.0,14.0,0.0,73.0,24.0,8.0,58.0,8.0
32.0,82.0,67.0,100.0,100.0,85.0,69.0,58.0,70.0,36.0,88.0,10.0,44.0,0.0,0.0,7.0,3.0
100.0,100.0,69.0,83.0,36.0,62.0,11.0,38.0,0.0,12.0,39.0,0.0,70.0,18.0,26.0,26.0,6.0
34.0,85.0,64.0,100.0,90.0,82.0,60.0,56.0,100.0,38.0,92.0,11.0,44.0,0.0,0.0,13.0,3.0
10.0,81.0,61.0,100.0,100.0,76.0,64.0,38.0,35.0,0.0,83.0,10.0,51.0,48.0,0.0,76.0,8.0
59.0,65.0,91.0,100.0,84.0,96.0,72.0,50.0,51.0,8.0,0.0,0.0,45.0,1.0,100.0,0.0,1.0
